Observation_Date,Departure_Date,Extraction_Timestamp,Source_Portal,Origin_Destination,Carrier_Name,Canonical_Flight_Key,Advance_Purchase_Window,Fare_Class,Base_Fare_INR,Taxes_And_UDF_INR,Total_Fare_INR
2026-09-20,2026-09-21,2026-09-20 23:02:14,OTA_GoogleFlights,BLR-DEL,IndiGo,BLR-DEL_20260921_6E_0300,T+1,Economy,9734.4,2433.6,12168
2026-09-20,2026-09-21,2026-09-20 23:02:05,OTA_EaseMyTrip,BLR-DEL,IndiGo,BLR-DEL_20260921_6E_0430,T+1,Economy,12072.0,3018.0,15090
2026-09-20,2026-09-21,2026-09-20 23:02:05,OTA_EaseMyTrip,BLR-DEL,IndiGo,BLR-DEL_20260921_6E_0625,T+1,Economy,21640.0,5410.0,27050
2026-09-20,2026-09-21,2026-09-20 23:02:05,OTA_EaseMyTrip,BLR-DEL,IndiGo,BLR-DEL_20260921_6E_0630,T+1,Economy,8314.4,2078.6,10393
2026-09-20,2026-09-21,2026-09-20 23:02:05,OTA_EaseMyTrip,BLR-DEL,IndiGo,BLR-DEL_20260921_6E_0715,T+1,Economy,18469.6,4617.4,23087
2026-09-20,2026-09-21,2026-09-20 23:02:05,OTA_EaseMyTrip,BLR-DEL,IndiGo,BLR-DEL_20260921_6E_0810,T+1,Economy,9601.6,2400.4,12002
2026-09-20,2026-09-21,2026-09-20 23:02:05,OTA_EaseMyTrip,BLR-DEL,IndiGo,BLR-DEL_20260921_6E_0815,T+1,Economy,20599.2,5149.8,25749
2026-09-20,2026-09-21,2026-09-20 23:02:05,OTA_EaseMyTrip,BLR-DEL,IndiGo,BLR-DEL_20260921_6E_0820,T+1,Economy,10340.8,2585.2,12926
2026-09-20,2026-09-21,2026-09-20 23:02:05,OTA_EaseMyTrip,BLR-DEL,IndiGo,BLR-DEL_20260921_6E_0905,T+1,Economy,7978.4,1994.6,9973
2026-09-20,2026-09-21,2026-09-20 23:02:05,OTA_EaseMyTrip,BLR-DEL,IndiGo,BLR-DEL_20260921_6E_0915,T+1,Economy,19458.4,4864.6,24323
2026-09-20,2026-09-21,2026-09-20 23:02:14,OTA_GoogleFlights,BLR-DEL,IndiGo,BLR-DEL_20260921_6E_0930,T+1,Economy,9195.2,2298.8,11494
2026-09-20,2026-09-21,2026-09-20 23:02:05,OTA_EaseMyTrip,BLR-DEL,IndiGo,BLR-DEL_20260921_6E_0935,T+1,Economy,8780.0,2195.0,10975
2026-09-20,2026-09-21,2026-09-20 23:02:05,OTA_EaseMyTrip,BLR-DEL,IndiGo,BLR-DEL_20260921_6E_1015,T+1,Economy,19458.4,4864.6,24323
2026-09-20,2026-09-21,2026-09-20 23:02:05,OTA_EaseMyTrip,BLR-DEL,IndiGo,BLR-DEL_20260921_6E_1140,T+1,Economy,8780.0,2195.0,10975
2026-09-20,2026-09-21,2026-09-20 23:02:05,OTA_EaseMyTrip,BLR-DEL,IndiGo,BLR-DEL_20260921_6E_1200,T+1,Economy,9279.2,2319.8,11599
2026-09-20,2026-09-21,2026-09-20 23:02:05,OTA_EaseMyTrip,BLR-DEL,IndiGo,BLR-DEL_20260921_6E_1235,T+1,Economy,17294.4,4323.6,21618
2026-09-20,2026-09-21,2026-09-20 23:02:14,OTA_GoogleFlights,BLR-DEL,IndiGo,BLR-DEL_20260921_6E_1310,T+1,Economy,7360.8,1840.2,9201
2026-09-20,2026-09-21,2026-09-20 23:02:14,OTA_GoogleFlights,BLR-DEL,IndiGo,BLR-DEL_20260921_6E_1355,T+1,Economy,7360.8,1840.2,9201
2026-09-20,2026-09-21,2026-09-20 23:02:05,OTA_EaseMyTrip,BLR-DEL,IndiGo,BLR-DEL_20260921_6E_1420,T+1,Economy,8031.2,2007.8,10039
2026-09-20,2026-09-21,2026-09-20 23:02:05,OTA_EaseMyTrip,BLR-DEL,IndiGo,BLR-DEL_20260921_6E_1445,T+1,Economy,8199.2,2049.8,10249
2026-09-20,2026-09-21,2026-09-20 23:02:05,OTA_EaseMyTrip,BLR-DEL,IndiGo,BLR-DEL_20260921_6E_1510,T+1,Economy,8094.4,2023.6,10118
2026-09-20,2026-09-21,2026-09-20 23:02:05,OTA_EaseMyTrip,BLR-DEL,IndiGo,BLR-DEL_20260921_6E_1530,T+1,Economy,9813.6,2453.4,12267
2026-09-20,2026-09-21,2026-09-20 23:02:05,OTA_EaseMyTrip,BLR-DEL,IndiGo,BLR-DEL_20260921_6E_1545,T+1,Economy,6691.2,1672.8,8364
2026-09-20,2026-09-21,2026-09-20 23:02:05,OTA_EaseMyTrip,BLR-DEL,IndiGo,BLR-DEL_20260921_6E_1600,T+1,Economy,10055.2,2513.8,12569
2026-09-20,2026-09-21,2026-09-20 23:02:05,OTA_EaseMyTrip,BLR-DEL,IndiGo,BLR-DEL_20260921_6E_1630,T+1,Economy,14901.6,3725.4,18627
2026-09-20,2026-09-21,2026-09-20 23:02:05,OTA_EaseMyTrip,BLR-DEL,IndiGo,BLR-DEL_20260921_6E_1645,T+1,Economy,8199.2,2049.8,10249
2026-09-20,2026-09-21,2026-09-20 23:02:05,OTA_EaseMyTrip,BLR-DEL,IndiGo,BLR-DEL_20260921_6E_1700,T+1,Economy,7056.0,1764.0,8820
2026-09-20,2026-09-21,2026-09-20 23:02:05,OTA_EaseMyTrip,BLR-DEL,IndiGo,BLR-DEL_20260921_6E_1715,T+1,Economy,7863.2,1965.8,9829
2026-09-20,2026-09-21,2026-09-20 23:02:05,OTA_EaseMyTrip,BLR-DEL,IndiGo,BLR-DEL_20260921_6E_1725,T+1,Economy,8031.2,2007.8,10039
2026-09-20,2026-09-21,2026-09-20 23:02:05,OTA_EaseMyTrip,BLR-DEL,IndiGo,BLR-DEL_20260921_6E_1730,T+1,Economy,8031.2,2007.8,10039
2026-09-20,2026-09-21,2026-09-20 23:02:14,OTA_GoogleFlights,BLR-DEL,IndiGo,BLR-DEL_20260921_6E_1815,T+1,Economy,6607.2,1651.8,8259
2026-09-20,2026-09-21,2026-09-20 23:02:05,OTA_EaseMyTrip,BLR-DEL,IndiGo,BLR-DEL_20260921_6E_1820,T+1,Economy,8094.4,2023.6,10118
2026-09-20,2026-09-21,2026-09-20 23:02:05,OTA_EaseMyTrip,BLR-DEL,IndiGo,BLR-DEL_20260921_6E_1835,T+1,Economy,14901.6,3725.4,18627
2026-09-20,2026-09-21,2026-09-20 23:02:05,OTA_EaseMyTrip,BLR-DEL,IndiGo,BLR-DEL_20260921_6E_1850,T+1,Economy,10118.4,2529.6,12648
2026-09-20,2026-09-21,2026-09-20 23:02:05,OTA_EaseMyTrip,BLR-DEL,IndiGo,BLR-DEL_20260921_6E_1905,T+1,Economy,8031.2,2007.8,10039
2026-09-20,2026-09-21,2026-09-20 23:02:05,OTA_EaseMyTrip,BLR-DEL,IndiGo,BLR-DEL_20260921_6E_1910,T+1,Economy,8094.4,2023.6,10118
2026-09-20,2026-09-21,2026-09-20 23:02:05,OTA_EaseMyTrip,BLR-DEL,IndiGo,BLR-DEL_20260921_6E_1915,T+1,Economy,8925.6,2231.4,11157
2026-09-20,2026-09-21,2026-09-20 23:02:14,OTA_GoogleFlights,BLR-DEL,IndiGo,BLR-DEL_20260921_6E_1930,T+1,Economy,6607.2,1651.8,8259
2026-09-20,2026-09-21,2026-09-20 23:02:14,OTA_GoogleFlights,BLR-DEL,IndiGo,BLR-DEL_20260921_6E_1940,T+1,Economy,6607.2,1651.8,8259
2026-09-20,2026-09-21,2026-09-20 23:02:05,OTA_EaseMyTrip,BLR-DEL,IndiGo,BLR-DEL_20260921_6E_1955,T+1,Economy,8094.4,2023.6,10118
2026-09-20,2026-09-21,2026-09-20 23:02:14,OTA_GoogleFlights,BLR-DEL,IndiGo,BLR-DEL_20260921_6E_2000,T+1,Economy,6972.0,1743.0,8715
2026-09-20,2026-09-21,2026-09-20 23:02:14,OTA_GoogleFlights,BLR-DEL,IndiGo,BLR-DEL_20260921_6E_2040,T+1,Economy,6607.2,1651.8,8259
2026-09-20,2026-09-21,2026-09-20 23:02:05,OTA_EaseMyTrip,BLR-DEL,IndiGo,BLR-DEL_20260921_6E_2130,T+1,Economy,7926.4,1981.6,9908
2026-09-20,2026-09-21,2026-09-20 23:02:05,OTA_EaseMyTrip,BLR-DEL,IndiGo,BLR-DEL_20260921_6E_2140,T+1,Economy,8031.2,2007.8,10039
2026-09-20,2026-09-21,2026-09-20 23:02:14,OTA_GoogleFlights,BLR-DEL,IndiGo,BLR-DEL_20260921_6E_2200,T+1,Economy,6607.2,1651.8,8259
2026-09-20,2026-09-21,2026-09-20 23:02:14,OTA_GoogleFlights,BLR-DEL,IndiGo,BLR-DEL_20260921_6E_2230,T+1,Economy,6607.2,1651.8,8259
2026-09-20,2026-09-21,2026-09-20 23:02:05,OTA_EaseMyTrip,BLR-DEL,IndiGo,BLR-DEL_20260921_6E_2305,T+1,Economy,8031.2,2007.8,10039
2026-09-20,2026-09-21,2026-09-20 23:02:05,OTA_EaseMyTrip,BLR-DEL,IndiGo,BLR-DEL_20260921_6E_2330,T+1,Economy,6691.2,1672.8,8364
2026-09-20,2026-09-21,2026-09-20 23:02:05,OTA_EaseMyTrip,BLR-DEL,Air India,BLR-DEL_20260921_AI_0115,T+1,Economy,14295.2,3573.8,17869
2026-09-20,2026-09-21,2026-09-20 23:02:05,OTA_EaseMyTrip,BLR-DEL,Air India,BLR-DEL_20260921_AI_0245,T+1,Economy,25072.8,6268.2,31341
2026-09-20,2026-09-21,2026-09-20 23:02:05,OTA_EaseMyTrip,BLR-DEL,Air India,BLR-DEL_20260921_AI_0400,T+1,Economy,7053.6,1763.4,8817
2026-09-20,2026-09-21,2026-09-20 23:02:14,OTA_GoogleFlights,BLR-DEL,Air India,BLR-DEL_20260921_AI_0410,T+1,Economy,12179.2,3044.8,15224
2026-09-20,2026-09-21,2026-09-20 23:02:05,OTA_EaseMyTrip,BLR-DEL,Air India,BLR-DEL_20260921_AI_0520,T+1,Economy,9420.8,2355.2,11776
2026-09-20,2026-09-21,2026-09-20 23:02:05,OTA_EaseMyTrip,BLR-DEL,Air India,BLR-DEL_20260921_AI_0530,T+1,Economy,13010.4,3252.6,16263
2026-09-20,2026-09-21,2026-09-20 23:02:14,OTA_GoogleFlights,BLR-DEL,Air India,BLR-DEL_20260921_AI_0600,T+1,Economy,14321.6,3580.4,17902
2026-09-20,2026-09-21,2026-09-20 23:02:14,OTA_GoogleFlights,BLR-DEL,Air India,BLR-DEL_20260921_AI_0605,T+1,Economy,16648.0,4162.0,20810
2026-09-20,2026-09-21,2026-09-20 23:02:05,OTA_EaseMyTrip,BLR-DEL,Air India,BLR-DEL_20260921_AI_0610,T+1,Economy,18439.2,4609.8,23049
2026-09-20,2026-09-21,2026-09-20 23:02:05,OTA_EaseMyTrip,BLR-DEL,Air India,BLR-DEL_20260921_AI_0620,T+1,Economy,12916.8,3229.2,16146
2026-09-20,2026-09-21,2026-09-20 23:02:05,OTA_EaseMyTrip,BLR-DEL,Air India,BLR-DEL_20260921_AI_0635,T+1,Economy,7053.6,1763.4,8817
2026-09-20,2026-09-21,2026-09-20 23:02:14,OTA_GoogleFlights,BLR-DEL,Air India,BLR-DEL_20260921_AI_0700,T+1,Economy,19743.2,4935.8,24679
2026-09-20,2026-09-21,2026-09-20 23:02:05,OTA_EaseMyTrip,BLR-DEL,Air India,BLR-DEL_20260921_AI_0705,T+1,Economy,22208.0,5552.0,27760
2026-09-20,2026-09-21,2026-09-20 23:02:05,OTA_EaseMyTrip,BLR-DEL,Air India,BLR-DEL_20260921_AI_0840,T+1,Economy,13010.4,3252.6,16263
2026-09-20,2026-09-21,2026-09-20 23:02:05,OTA_EaseMyTrip,BLR-DEL,Air India,BLR-DEL_20260921_AI_0915,T+1,Economy,14560.0,3640.0,18200
2026-09-20,2026-09-21,2026-09-20 23:02:05,OTA_EaseMyTrip,BLR-DEL,Air India,BLR-DEL_20260921_AI_0920,T+1,Economy,8133.6,2033.4,10167
2026-09-20,2026-09-21,2026-09-20 23:02:05,OTA_EaseMyTrip,BLR-DEL,Air India,BLR-DEL_20260921_AI_1000,T+1,Economy,12514.4,3128.6,15643
2026-09-20,2026-09-21,2026-09-20 23:02:05,OTA_EaseMyTrip,BLR-DEL,Air India,BLR-DEL_20260921_AI_1020,T+1,Economy,15037.6,3759.4,18797
2026-09-20,2026-09-21,2026-09-20 23:02:05,OTA_EaseMyTrip,BLR-DEL,Air India,BLR-DEL_20260921_AI_1040,T+1,Economy,10907.2,2726.8,13634
2026-09-20,2026-09-21,2026-09-20 23:02:05,OTA_EaseMyTrip,BLR-DEL,Air India,BLR-DEL_20260921_AI_1055,T+1,Economy,15665.6,3916.4,19582
2026-09-20,2026-09-21,2026-09-20 23:02:05,OTA_EaseMyTrip,BLR-DEL,Air India,BLR-DEL_20260921_AI_1100,T+1,Economy,16982.4,4245.6,21228
2026-09-20,2026-09-21,2026-09-20 23:02:05,OTA_EaseMyTrip,BLR-DEL,Air India,BLR-DEL_20260921_AI_1245,T+1,Economy,7342.4,1835.6,9178
2026-09-20,2026-09-21,2026-09-20 23:02:05,OTA_EaseMyTrip,BLR-DEL,Air India,BLR-DEL_20260921_AI_1250,T+1,Economy,6839.2,1709.8,8549
2026-09-20,2026-09-21,2026-09-20 23:02:14,OTA_GoogleFlights,BLR-DEL,Air India,BLR-DEL_20260921_AI_1355,T+1,Economy,7648.8,1912.2,9561
2026-09-20,2026-09-21,2026-09-20 23:02:05,OTA_EaseMyTrip,BLR-DEL,Air India,BLR-DEL_20260921_AI_1400,T+1,Economy,7306.4,1826.6,9133
2026-09-20,2026-09-21,2026-09-20 23:02:05,OTA_EaseMyTrip,BLR-DEL,Air India,BLR-DEL_20260921_AI_1440,T+1,Economy,7576.0,1894.0,9470
2026-09-20,2026-09-21,2026-09-20 23:02:14,OTA_GoogleFlights,BLR-DEL,Air India,BLR-DEL_20260921_AI_1500,T+1,Economy,6605.6,1651.4,8257
2026-09-20,2026-09-21,2026-09-20 23:02:05,OTA_EaseMyTrip,BLR-DEL,Air India,BLR-DEL_20260921_AI_1525,T+1,Economy,10827.2,2706.8,13534
2026-09-20,2026-09-21,2026-09-20 23:02:14,OTA_GoogleFlights,BLR-DEL,Air India,BLR-DEL_20260921_AI_1530,T+1,Economy,6605.6,1651.4,8257
2026-09-20,2026-09-21,2026-09-20 23:02:05,OTA_EaseMyTrip,BLR-DEL,Air India,BLR-DEL_20260921_AI_1610,T+1,Economy,8711.2,2177.8,10889
2026-09-20,2026-09-21,2026-09-20 23:02:05,OTA_EaseMyTrip,BLR-DEL,Air India,BLR-DEL_20260921_AI_1615,T+1,Economy,11820.0,2955.0,14775
2026-09-20,2026-09-21,2026-09-20 23:02:14,OTA_GoogleFlights,BLR-DEL,Air India,BLR-DEL_20260921_AI_1630,T+1,Economy,6605.6,1651.4,8257
2026-09-20,2026-09-21,2026-09-20 23:02:05,OTA_EaseMyTrip,BLR-DEL,Air India,BLR-DEL_20260921_AI_1645,T+1,Economy,1620.8,405.2,2026
2026-09-20,2026-09-21,2026-09-20 23:02:05,OTA_EaseMyTrip,BLR-DEL,Air India,BLR-DEL_20260921_AI_1650,T+1,Economy,6839.2,1709.8,8549
2026-09-20,2026-09-21,2026-09-20 23:02:14,OTA_GoogleFlights,BLR-DEL,Air India,BLR-DEL_20260921_AI_1725,T+1,Economy,6605.6,1651.4,8257
2026-09-20,2026-09-21,2026-09-20 23:02:14,OTA_GoogleFlights,BLR-DEL,Air India,BLR-DEL_20260921_AI_1820,T+1,Economy,6605.6,1651.4,8257
2026-09-20,2026-09-21,2026-09-20 23:02:05,OTA_EaseMyTrip,BLR-DEL,Air India,BLR-DEL_20260921_AI_1915,T+1,Economy,6839.2,1709.8,8549
2026-09-20,2026-09-21,2026-09-20 23:02:14,OTA_GoogleFlights,BLR-DEL,Air India,BLR-DEL_20260921_AI_1940,T+1,Economy,6605.6,1651.4,8257
2026-09-20,2026-09-21,2026-09-20 23:02:14,OTA_GoogleFlights,BLR-DEL,Air India,BLR-DEL_20260921_AI_2000,T+1,Economy,6971.2,1742.8,8714
2026-09-20,2026-09-21,2026-09-20 23:02:05,OTA_EaseMyTrip,BLR-DEL,Air India,BLR-DEL_20260921_AI_2055,T+1,Economy,1620.8,405.2,2026
2026-09-20,2026-09-21,2026-09-20 23:02:05,OTA_EaseMyTrip,BLR-DEL,Air India,BLR-DEL_20260921_AI_2100,T+1,Economy,12981.6,3245.4,16227
2026-09-20,2026-09-21,2026-09-20 23:02:05,OTA_EaseMyTrip,BLR-DEL,Air India,BLR-DEL_20260921_AI_2150,T+1,Economy,6839.2,1709.8,8549
2026-09-20,2026-09-21,2026-09-20 23:02:14,OTA_GoogleFlights,BLR-DEL,Air India,BLR-DEL_20260921_AI_2200,T+1,Economy,6971.2,1742.8,8714
2026-09-20,2026-09-21,2026-09-20 23:02:14,OTA_GoogleFlights,BLR-DEL,Air India,BLR-DEL_20260921_AI_2230,T+1,Economy,6605.6,1651.4,8257
2026-09-20,2026-09-21,2026-09-20 23:02:05,OTA_EaseMyTrip,BLR-DEL,Air India Express,BLR-DEL_20260921_IX_0115,T+1,Economy,14295.2,3573.8,17869
2026-09-20,2026-09-21,2026-09-20 23:02:05,OTA_EaseMyTrip,BLR-DEL,Air India Express,BLR-DEL_20260921_IX_0245,T+1,Economy,25072.8,6268.2,31341
2026-09-20,2026-09-21,2026-09-20 23:02:05,OTA_EaseMyTrip,BLR-DEL,Air India Express,BLR-DEL_20260921_IX_0400,T+1,Economy,7053.6,1763.4,8817
2026-09-20,2026-09-21,2026-09-20 23:02:05,OTA_EaseMyTrip,BLR-DEL,Air India Express,BLR-DEL_20260921_IX_0520,T+1,Economy,9420.8,2355.2,11776
2026-09-20,2026-09-21,2026-09-20 23:02:05,OTA_EaseMyTrip,BLR-DEL,Air India Express,BLR-DEL_20260921_IX_0530,T+1,Economy,13010.4,3252.6,16263
2026-09-20,2026-09-21,2026-09-20 23:02:05,OTA_EaseMyTrip,BLR-DEL,Air India Express,BLR-DEL_20260921_IX_0620,T+1,Economy,12916.8,3229.2,16146
2026-09-20,2026-09-21,2026-09-20 23:02:05,OTA_EaseMyTrip,BLR-DEL,Air India Express,BLR-DEL_20260921_IX_0635,T+1,Economy,7053.6,1763.4,8817
2026-09-20,2026-09-21,2026-09-20 23:02:05,OTA_EaseMyTrip,BLR-DEL,Air India Express,BLR-DEL_20260921_IX_0840,T+1,Economy,13010.4,3252.6,16263
2026-09-20,2026-09-21,2026-09-20 23:02:05,OTA_EaseMyTrip,BLR-DEL,Air India Express,BLR-DEL_20260921_IX_0920,T+1,Economy,8133.6,2033.4,10167
2026-09-20,2026-09-21,2026-09-20 23:02:14,OTA_GoogleFlights,BLR-DEL,Air India Express,BLR-DEL_20260921_IX_1000,T+1,Economy,14368.0,3592.0,17960
2026-09-20,2026-09-21,2026-09-20 23:02:05,OTA_EaseMyTrip,BLR-DEL,Air India Express,BLR-DEL_20260921_IX_1020,T+1,Economy,15037.6,3759.4,18797
2026-09-20,2026-09-21,2026-09-20 23:02:05,OTA_EaseMyTrip,BLR-DEL,Air India Express,BLR-DEL_20260921_IX_1055,T+1,Economy,15665.6,3916.4,19582
2026-09-20,2026-09-21,2026-09-20 23:02:05,OTA_EaseMyTrip,BLR-DEL,Air India Express,BLR-DEL_20260921_IX_1245,T+1,Economy,7342.4,1835.6,9178
2026-09-20,2026-09-21,2026-09-20 23:02:05,OTA_EaseMyTrip,BLR-DEL,Air India Express,BLR-DEL_20260921_IX_1250,T+1,Economy,6839.2,1709.8,8549
2026-09-20,2026-09-21,2026-09-20 23:02:14,OTA_GoogleFlights,BLR-DEL,Air India Express,BLR-DEL_20260921_IX_1355,T+1,Economy,7648.8,1912.2,9561
2026-09-20,2026-09-21,2026-09-20 23:02:05,OTA_EaseMyTrip,BLR-DEL,Air India Express,BLR-DEL_20260921_IX_1440,T+1,Economy,7576.0,1894.0,9470
2026-09-20,2026-09-21,2026-09-20 23:02:05,OTA_EaseMyTrip,BLR-DEL,Air India Express,BLR-DEL_20260921_IX_1500,T+1,Economy,9287.2,2321.8,11609
2026-09-20,2026-09-21,2026-09-20 23:02:05,OTA_EaseMyTrip,BLR-DEL,Air India Express,BLR-DEL_20260921_IX_1525,T+1,Economy,10827.2,2706.8,13534
2026-09-20,2026-09-21,2026-09-20 23:02:05,OTA_EaseMyTrip,BLR-DEL,Air India Express,BLR-DEL_20260921_IX_1610,T+1,Economy,8711.2,2177.8,10889
2026-09-20,2026-09-21,2026-09-20 23:02:05,OTA_EaseMyTrip,BLR-DEL,Air India Express,BLR-DEL_20260921_IX_1615,T+1,Economy,11820.0,2955.0,14775
2026-09-20,2026-09-21,2026-09-20 23:02:05,OTA_EaseMyTrip,BLR-DEL,Air India Express,BLR-DEL_20260921_IX_1645,T+1,Economy,1620.8,405.2,2026
2026-09-20,2026-09-21,2026-09-20 23:02:05,OTA_EaseMyTrip,BLR-DEL,Air India Express,BLR-DEL_20260921_IX_1650,T+1,Economy,6839.2,1709.8,8549
2026-09-20,2026-09-21,2026-09-20 23:02:05,OTA_EaseMyTrip,BLR-DEL,Air India Express,BLR-DEL_20260921_IX_1915,T+1,Economy,6839.2,1709.8,8549
2026-09-20,2026-09-21,2026-09-20 23:02:05,OTA_EaseMyTrip,BLR-DEL,Air India Express,BLR-DEL_20260921_IX_2055,T+1,Economy,1620.8,405.2,2026
2026-09-20,2026-09-21,2026-09-20 23:02:05,OTA_EaseMyTrip,BLR-DEL,Air India Express,BLR-DEL_20260921_IX_2100,T+1,Economy,12981.6,3245.4,16227
2026-09-20,2026-09-21,2026-09-20 23:02:05,OTA_EaseMyTrip,BLR-DEL,Air India Express,BLR-DEL_20260921_IX_2150,T+1,Economy,6839.2,1709.8,8549
2026-09-20,2026-09-21,2026-09-20 23:02:14,OTA_GoogleFlights,BLR-DEL,Akasa Air,BLR-DEL_20260921_QP_0115,T+1,Economy,14767.2,3691.8,18459
2026-09-20,2026-09-21,2026-09-20 23:02:14,OTA_GoogleFlights,BLR-DEL,Akasa Air,BLR-DEL_20260921_QP_0300,T+1,Economy,11622.4,2905.6,14528
2026-09-20,2026-09-21,2026-09-20 23:02:14,OTA_GoogleFlights,BLR-DEL,Akasa Air,BLR-DEL_20260921_QP_0410,T+1,Economy,12055.2,3013.8,15069
2026-09-20,2026-09-21,2026-09-20 23:02:14,OTA_GoogleFlights,BLR-DEL,Akasa Air,BLR-DEL_20260921_QP_1440,T+1,Economy,8409.6,2102.4,10512
2026-09-20,2026-09-21,2026-09-20 23:02:14,OTA_GoogleFlights,BLR-DEL,Akasa Air,BLR-DEL_20260921_QP_2330,T+1,Economy,6971.2,1742.8,8714
2026-09-20,2026-09-27,2026-09-20 23:02:56,OTA_GoogleFlights,BLR-DEL,IndiGo,BLR-DEL_20260927_6E_0015,T+7,Economy,6607.2,1651.8,8259
2026-09-20,2026-09-27,2026-09-20 23:02:46,OTA_EaseMyTrip,BLR-DEL,IndiGo,BLR-DEL_20260927_6E_0105,T+7,Economy,8031.2,2007.8,10039
2026-09-20,2026-09-27,2026-09-20 23:02:46,OTA_EaseMyTrip,BLR-DEL,IndiGo,BLR-DEL_20260927_6E_0240,T+7,Economy,8031.2,2007.8,10039
2026-09-20,2026-09-27,2026-09-20 23:02:46,OTA_EaseMyTrip,BLR-DEL,IndiGo,BLR-DEL_20260927_6E_0300,T+7,Economy,6691.2,1672.8,8364
2026-09-20,2026-09-27,2026-09-20 23:02:46,OTA_EaseMyTrip,BLR-DEL,IndiGo,BLR-DEL_20260927_6E_0430,T+7,Economy,8031.2,2007.8,10039
2026-09-20,2026-09-27,2026-09-20 23:02:56,OTA_GoogleFlights,BLR-DEL,IndiGo,BLR-DEL_20260927_6E_0505,T+7,Economy,6607.2,1651.8,8259
2026-09-20,2026-09-27,2026-09-20 23:02:56,OTA_GoogleFlights,BLR-DEL,IndiGo,BLR-DEL_20260927_6E_0530,T+7,Economy,6607.2,1651.8,8259
2026-09-20,2026-09-27,2026-09-20 23:02:46,OTA_EaseMyTrip,BLR-DEL,IndiGo,BLR-DEL_20260927_6E_0625,T+7,Economy,6691.2,1672.8,8364
2026-09-20,2026-09-27,2026-09-20 23:02:46,OTA_EaseMyTrip,BLR-DEL,IndiGo,BLR-DEL_20260927_6E_0630,T+7,Economy,8314.4,2078.6,10393
2026-09-20,2026-09-27,2026-09-20 23:02:56,OTA_GoogleFlights,BLR-DEL,IndiGo,BLR-DEL_20260927_6E_0700,T+7,Economy,6607.2,1651.8,8259
2026-09-20,2026-09-27,2026-09-20 23:02:46,OTA_EaseMyTrip,BLR-DEL,IndiGo,BLR-DEL_20260927_6E_0715,T+7,Economy,8094.4,2023.6,10118
2026-09-20,2026-09-27,2026-09-20 23:02:46,OTA_EaseMyTrip,BLR-DEL,IndiGo,BLR-DEL_20260927_6E_0810,T+7,Economy,8314.4,2078.6,10393
2026-09-20,2026-09-27,2026-09-20 23:02:56,OTA_GoogleFlights,BLR-DEL,IndiGo,BLR-DEL_20260927_6E_0815,T+7,Economy,6607.2,1651.8,8259
2026-09-20,2026-09-27,2026-09-20 23:02:46,OTA_EaseMyTrip,BLR-DEL,IndiGo,BLR-DEL_20260927_6E_0820,T+7,Economy,9150.4,2287.6,11438
2026-09-20,2026-09-27,2026-09-20 23:02:46,OTA_EaseMyTrip,BLR-DEL,IndiGo,BLR-DEL_20260927_6E_0830,T+7,Economy,8031.2,2007.8,10039
2026-09-20,2026-09-27,2026-09-20 23:02:56,OTA_GoogleFlights,BLR-DEL,IndiGo,BLR-DEL_20260927_6E_0900,T+7,Economy,6972.0,1743.0,8715
2026-09-20,2026-09-27,2026-09-20 23:02:46,OTA_EaseMyTrip,BLR-DEL,IndiGo,BLR-DEL_20260927_6E_0915,T+7,Economy,7926.4,1981.6,9908
2026-09-20,2026-09-27,2026-09-20 23:02:56,OTA_GoogleFlights,BLR-DEL,IndiGo,BLR-DEL_20260927_6E_0930,T+7,Economy,7360.8,1840.2,9201
2026-09-20,2026-09-27,2026-09-20 23:02:46,OTA_EaseMyTrip,BLR-DEL,IndiGo,BLR-DEL_20260927_6E_0935,T+7,Economy,8780.0,2195.0,10975
2026-09-20,2026-09-27,2026-09-20 23:02:46,OTA_EaseMyTrip,BLR-DEL,IndiGo,BLR-DEL_20260927_6E_1015,T+7,Economy,12940.8,3235.2,16176
2026-09-20,2026-09-27,2026-09-20 23:02:46,OTA_EaseMyTrip,BLR-DEL,IndiGo,BLR-DEL_20260927_6E_1025,T+7,Economy,8220.0,2055.0,10275
2026-09-20,2026-09-27,2026-09-20 23:02:56,OTA_GoogleFlights,BLR-DEL,IndiGo,BLR-DEL_20260927_6E_1045,T+7,Economy,7360.8,1840.2,9201
2026-09-20,2026-09-27,2026-09-20 23:02:46,OTA_EaseMyTrip,BLR-DEL,IndiGo,BLR-DEL_20260927_6E_1050,T+7,Economy,8094.4,2023.6,10118
2026-09-20,2026-09-27,2026-09-20 23:02:46,OTA_EaseMyTrip,BLR-DEL,IndiGo,BLR-DEL_20260927_6E_1135,T+7,Economy,11878.4,2969.6,14848
2026-09-20,2026-09-27,2026-09-20 23:02:46,OTA_EaseMyTrip,BLR-DEL,IndiGo,BLR-DEL_20260927_6E_1140,T+7,Economy,8780.0,2195.0,10975
2026-09-20,2026-09-27,2026-09-20 23:02:56,OTA_GoogleFlights,BLR-DEL,IndiGo,BLR-DEL_20260927_6E_1200,T+7,Economy,7360.8,1840.2,9201
2026-09-20,2026-09-27,2026-09-20 23:02:46,OTA_EaseMyTrip,BLR-DEL,IndiGo,BLR-DEL_20260927_6E_1235,T+7,Economy,13825.6,3456.4,17282
2026-09-20,2026-09-27,2026-09-20 23:02:56,OTA_GoogleFlights,BLR-DEL,IndiGo,BLR-DEL_20260927_6E_1310,T+7,Economy,7360.8,1840.2,9201
2026-09-20,2026-09-27,2026-09-20 23:02:56,OTA_GoogleFlights,BLR-DEL,IndiGo,BLR-DEL_20260927_6E_1355,T+7,Economy,7360.8,1840.2,9201
2026-09-20,2026-09-27,2026-09-20 23:02:46,OTA_EaseMyTrip,BLR-DEL,IndiGo,BLR-DEL_20260927_6E_1420,T+7,Economy,8031.2,2007.8,10039
2026-09-20,2026-09-27,2026-09-20 23:02:46,OTA_EaseMyTrip,BLR-DEL,IndiGo,BLR-DEL_20260927_6E_1445,T+7,Economy,8813.6,2203.4,11017
2026-09-20,2026-09-27,2026-09-20 23:02:46,OTA_EaseMyTrip,BLR-DEL,IndiGo,BLR-DEL_20260927_6E_1510,T+7,Economy,10118.4,2529.6,12648
2026-09-20,2026-09-27,2026-09-20 23:02:46,OTA_EaseMyTrip,BLR-DEL,IndiGo,BLR-DEL_20260927_6E_1530,T+7,Economy,14916.8,3729.2,18646
2026-09-20,2026-09-27,2026-09-20 23:02:56,OTA_GoogleFlights,BLR-DEL,IndiGo,BLR-DEL_20260927_6E_1545,T+7,Economy,7360.8,1840.2,9201
2026-09-20,2026-09-27,2026-09-20 23:02:46,OTA_EaseMyTrip,BLR-DEL,IndiGo,BLR-DEL_20260927_6E_1600,T+7,Economy,8031.2,2007.8,10039
2026-09-20,2026-09-27,2026-09-20 23:02:46,OTA_EaseMyTrip,BLR-DEL,IndiGo,BLR-DEL_20260927_6E_1630,T+7,Economy,7926.4,1981.6,9908
2026-09-20,2026-09-27,2026-09-20 23:02:46,OTA_EaseMyTrip,BLR-DEL,IndiGo,BLR-DEL_20260927_6E_1645,T+7,Economy,8199.2,2049.8,10249
2026-09-20,2026-09-27,2026-09-20 23:02:46,OTA_EaseMyTrip,BLR-DEL,IndiGo,BLR-DEL_20260927_6E_1700,T+7,Economy,7860.0,1965.0,9825
2026-09-20,2026-09-27,2026-09-20 23:02:46,OTA_EaseMyTrip,BLR-DEL,IndiGo,BLR-DEL_20260927_6E_1715,T+7,Economy,7863.2,1965.8,9829
2026-09-20,2026-09-27,2026-09-20 23:02:56,OTA_GoogleFlights,BLR-DEL,IndiGo,BLR-DEL_20260927_6E_1720,T+7,Economy,7776.0,1944.0,9720
2026-09-20,2026-09-27,2026-09-20 23:02:46,OTA_EaseMyTrip,BLR-DEL,IndiGo,BLR-DEL_20260927_6E_1725,T+7,Economy,8031.2,2007.8,10039
2026-09-20,2026-09-27,2026-09-20 23:02:46,OTA_EaseMyTrip,BLR-DEL,IndiGo,BLR-DEL_20260927_6E_1730,T+7,Economy,8031.2,2007.8,10039
2026-09-20,2026-09-27,2026-09-20 23:02:56,OTA_GoogleFlights,BLR-DEL,IndiGo,BLR-DEL_20260927_6E_1815,T+7,Economy,7360.8,1840.2,9201
2026-09-20,2026-09-27,2026-09-20 23:02:46,OTA_EaseMyTrip,BLR-DEL,IndiGo,BLR-DEL_20260927_6E_1820,T+7,Economy,8094.4,2023.6,10118
2026-09-20,2026-09-27,2026-09-20 23:02:46,OTA_EaseMyTrip,BLR-DEL,IndiGo,BLR-DEL_20260927_6E_1835,T+7,Economy,7926.4,1981.6,9908
2026-09-20,2026-09-27,2026-09-20 23:02:46,OTA_EaseMyTrip,BLR-DEL,IndiGo,BLR-DEL_20260927_6E_1850,T+7,Economy,8094.4,2023.6,10118
2026-09-20,2026-09-27,2026-09-20 23:02:46,OTA_EaseMyTrip,BLR-DEL,IndiGo,BLR-DEL_20260927_6E_1905,T+7,Economy,8031.2,2007.8,10039
2026-09-20,2026-09-27,2026-09-20 23:02:46,OTA_EaseMyTrip,BLR-DEL,IndiGo,BLR-DEL_20260927_6E_1910,T+7,Economy,8094.4,2023.6,10118
2026-09-20,2026-09-27,2026-09-20 23:02:46,OTA_EaseMyTrip,BLR-DEL,IndiGo,BLR-DEL_20260927_6E_1915,T+7,Economy,8094.4,2023.6,10118
2026-09-20,2026-09-27,2026-09-20 23:02:56,OTA_GoogleFlights,BLR-DEL,IndiGo,BLR-DEL_20260927_6E_1930,T+7,Economy,7360.8,1840.2,9201
2026-09-20,2026-09-27,2026-09-20 23:02:46,OTA_EaseMyTrip,BLR-DEL,IndiGo,BLR-DEL_20260927_6E_1955,T+7,Economy,12770.4,3192.6,15963
2026-09-20,2026-09-27,2026-09-20 23:02:46,OTA_EaseMyTrip,BLR-DEL,IndiGo,BLR-DEL_20260927_6E_2000,T+7,Economy,8031.2,2007.8,10039
2026-09-20,2026-09-27,2026-09-20 23:02:56,OTA_GoogleFlights,BLR-DEL,IndiGo,BLR-DEL_20260927_6E_2040,T+7,Economy,7360.8,1840.2,9201
2026-09-20,2026-09-27,2026-09-20 23:02:46,OTA_EaseMyTrip,BLR-DEL,IndiGo,BLR-DEL_20260927_6E_2130,T+7,Economy,7926.4,1981.6,9908
2026-09-20,2026-09-27,2026-09-20 23:02:46,OTA_EaseMyTrip,BLR-DEL,IndiGo,BLR-DEL_20260927_6E_2140,T+7,Economy,9556.8,2389.2,11946
2026-09-20,2026-09-27,2026-09-20 23:02:46,OTA_EaseMyTrip,BLR-DEL,IndiGo,BLR-DEL_20260927_6E_2200,T+7,Economy,7056.0,1764.0,8820
2026-09-20,2026-09-27,2026-09-20 23:02:46,OTA_EaseMyTrip,BLR-DEL,IndiGo,BLR-DEL_20260927_6E_2305,T+7,Economy,8802.4,2200.6,11003
2026-09-20,2026-09-27,2026-09-20 23:02:46,OTA_EaseMyTrip,BLR-DEL,IndiGo,BLR-DEL_20260927_6E_2330,T+7,Economy,6691.2,1672.8,8364
2026-09-20,2026-09-27,2026-09-20 23:02:56,OTA_GoogleFlights,BLR-DEL,Air India,BLR-DEL_20260927_AI_0015,T+7,Economy,6605.6,1651.4,8257
2026-09-20,2026-09-27,2026-09-20 23:02:46,OTA_EaseMyTrip,BLR-DEL,Air India,BLR-DEL_20260927_AI_0400,T+7,Economy,7053.6,1763.4,8817
2026-09-20,2026-09-27,2026-09-20 23:02:56,OTA_GoogleFlights,BLR-DEL,Air India,BLR-DEL_20260927_AI_0500,T+7,Economy,6971.2,1742.8,8714
2026-09-20,2026-09-27,2026-09-20 23:02:56,OTA_GoogleFlights,BLR-DEL,Air India,BLR-DEL_20260927_AI_0530,T+7,Economy,6605.6,1651.4,8257
2026-09-20,2026-09-27,2026-09-20 23:02:46,OTA_EaseMyTrip,BLR-DEL,Air India,BLR-DEL_20260927_AI_0600,T+7,Economy,7306.4,1826.6,9133
2026-09-20,2026-09-27,2026-09-20 23:02:46,OTA_EaseMyTrip,BLR-DEL,Air India,BLR-DEL_20260927_AI_0610,T+7,Economy,11106.4,2776.6,13883
2026-09-20,2026-09-27,2026-09-20 23:02:46,OTA_EaseMyTrip,BLR-DEL,Air India,BLR-DEL_20260927_AI_0620,T+7,Economy,6839.2,1709.8,8549
2026-09-20,2026-09-27,2026-09-20 23:02:56,OTA_GoogleFlights,BLR-DEL,Air India,BLR-DEL_20260927_AI_0700,T+7,Economy,6971.2,1742.8,8714
2026-09-20,2026-09-27,2026-09-20 23:02:46,OTA_EaseMyTrip,BLR-DEL,Air India,BLR-DEL_20260927_AI_0705,T+7,Economy,15158.4,3789.6,18948
2026-09-20,2026-09-27,2026-09-20 23:02:46,OTA_EaseMyTrip,BLR-DEL,Air India,BLR-DEL_20260927_AI_0840,T+7,Economy,12412.8,3103.2,15516
2026-09-20,2026-09-27,2026-09-20 23:02:56,OTA_GoogleFlights,BLR-DEL,Air India,BLR-DEL_20260927_AI_0900,T+7,Economy,6971.2,1742.8,8714
2026-09-20,2026-09-27,2026-09-20 23:02:46,OTA_EaseMyTrip,BLR-DEL,Air India,BLR-DEL_20260927_AI_0920,T+7,Economy,8711.2,2177.8,10889
2026-09-20,2026-09-27,2026-09-20 23:02:46,OTA_EaseMyTrip,BLR-DEL,Air India,BLR-DEL_20260927_AI_1000,T+7,Economy,7695.2,1923.8,9619
2026-09-20,2026-09-27,2026-09-20 23:02:46,OTA_EaseMyTrip,BLR-DEL,Air India,BLR-DEL_20260927_AI_1005,T+7,Economy,17170.4,4292.6,21463
2026-09-20,2026-09-27,2026-09-20 23:02:46,OTA_EaseMyTrip,BLR-DEL,Air India,BLR-DEL_20260927_AI_1020,T+7,Economy,10006.4,2501.6,12508
2026-09-20,2026-09-27,2026-09-20 23:02:46,OTA_EaseMyTrip,BLR-DEL,Air India,BLR-DEL_20260927_AI_1040,T+7,Economy,10907.2,2726.8,13634
2026-09-20,2026-09-27,2026-09-20 23:02:46,OTA_EaseMyTrip,BLR-DEL,Air India,BLR-DEL_20260927_AI_1055,T+7,Economy,18229.6,4557.4,22787
2026-09-20,2026-09-27,2026-09-20 23:02:56,OTA_GoogleFlights,BLR-DEL,Air India,BLR-DEL_20260927_AI_1100,T+7,Economy,7542.4,1885.6,9428
2026-09-20,2026-09-27,2026-09-20 23:02:46,OTA_EaseMyTrip,BLR-DEL,Air India,BLR-DEL_20260927_AI_1245,T+7,Economy,7702.4,1925.6,9628
2026-09-20,2026-09-27,2026-09-20 23:02:46,OTA_EaseMyTrip,BLR-DEL,Air India,BLR-DEL_20260927_AI_1250,T+7,Economy,10228.8,2557.2,12786
2026-09-20,2026-09-27,2026-09-20 23:02:56,OTA_GoogleFlights,BLR-DEL,Air India,BLR-DEL_20260927_AI_1400,T+7,Economy,7542.4,1885.6,9428
2026-09-20,2026-09-27,2026-09-20 23:02:46,OTA_EaseMyTrip,BLR-DEL,Air India,BLR-DEL_20260927_AI_1440,T+7,Economy,12881.6,3220.4,16102
2026-09-20,2026-09-27,2026-09-20 23:02:56,OTA_GoogleFlights,BLR-DEL,Air India,BLR-DEL_20260927_AI_1500,T+7,Economy,7664.0,1916.0,9580
2026-09-20,2026-09-27,2026-09-20 23:02:46,OTA_EaseMyTrip,BLR-DEL,Air India,BLR-DEL_20260927_AI_1525,T+7,Economy,11392.8,2848.2,14241
2026-09-20,2026-09-27,2026-09-20 23:02:56,OTA_GoogleFlights,BLR-DEL,Air India,BLR-DEL_20260927_AI_1530,T+7,Economy,7484.0,1871.0,9355
2026-09-20,2026-09-27,2026-09-20 23:02:46,OTA_EaseMyTrip,BLR-DEL,Air India,BLR-DEL_20260927_AI_1610,T+7,Economy,11123.2,2780.8,13904
2026-09-20,2026-09-27,2026-09-20 23:02:46,OTA_EaseMyTrip,BLR-DEL,Air India,BLR-DEL_20260927_AI_1615,T+7,Economy,13832.0,3458.0,17290
2026-09-20,2026-09-27,2026-09-20 23:02:56,OTA_GoogleFlights,BLR-DEL,Air India,BLR-DEL_20260927_AI_1630,T+7,Economy,7664.0,1916.0,9580
2026-09-20,2026-09-27,2026-09-20 23:02:46,OTA_EaseMyTrip,BLR-DEL,Air India,BLR-DEL_20260927_AI_1650,T+7,Economy,12147.2,3036.8,15184
2026-09-20,2026-09-27,2026-09-20 23:02:56,OTA_GoogleFlights,BLR-DEL,Air India,BLR-DEL_20260927_AI_1700,T+7,Economy,7904.0,1976.0,9880
2026-09-20,2026-09-27,2026-09-20 23:02:46,OTA_EaseMyTrip,BLR-DEL,Air India,BLR-DEL_20260927_AI_1715,T+7,Economy,13312.0,3328.0,16640
2026-09-20,2026-09-27,2026-09-20 23:02:56,OTA_GoogleFlights,BLR-DEL,Air India,BLR-DEL_20260927_AI_1725,T+7,Economy,7664.0,1916.0,9580
2026-09-20,2026-09-27,2026-09-20 23:02:56,OTA_GoogleFlights,BLR-DEL,Air India,BLR-DEL_20260927_AI_1820,T+7,Economy,7542.4,1885.6,9428
2026-09-20,2026-09-27,2026-09-20 23:02:46,OTA_EaseMyTrip,BLR-DEL,Air India,BLR-DEL_20260927_AI_1915,T+7,Economy,7702.4,1925.6,9628
2026-09-20,2026-09-27,2026-09-20 23:02:56,OTA_GoogleFlights,BLR-DEL,Air India,BLR-DEL_20260927_AI_1940,T+7,Economy,7361.6,1840.4,9202
2026-09-20,2026-09-27,2026-09-20 23:02:46,OTA_EaseMyTrip,BLR-DEL,Air India,BLR-DEL_20260927_AI_2000,T+7,Economy,8247.2,2061.8,10309
2026-09-20,2026-09-27,2026-09-20 23:02:56,OTA_GoogleFlights,BLR-DEL,Air India,BLR-DEL_20260927_AI_2040,T+7,Economy,7361.6,1840.4,9202
2026-09-20,2026-09-27,2026-09-20 23:02:46,OTA_EaseMyTrip,BLR-DEL,Air India,BLR-DEL_20260927_AI_2100,T+7,Economy,13528.0,3382.0,16910
2026-09-20,2026-09-27,2026-09-20 23:02:46,OTA_EaseMyTrip,BLR-DEL,Air India,BLR-DEL_20260927_AI_2150,T+7,Economy,10006.4,2501.6,12508
2026-09-20,2026-09-27,2026-09-20 23:02:46,OTA_EaseMyTrip,BLR-DEL,Air India,BLR-DEL_20260927_AI_2200,T+7,Economy,7342.4,1835.6,9178
2026-09-20,2026-09-27,2026-09-20 23:02:56,OTA_GoogleFlights,BLR-DEL,Air India,BLR-DEL_20260927_AI_2230,T+7,Economy,7361.6,1840.4,9202
2026-09-20,2026-09-27,2026-09-20 23:02:46,OTA_EaseMyTrip,BLR-DEL,Air India Express,BLR-DEL_20260927_IX_0400,T+7,Economy,7053.6,1763.4,8817
2026-09-20,2026-09-27,2026-09-20 23:02:46,OTA_EaseMyTrip,BLR-DEL,Air India Express,BLR-DEL_20260927_IX_0530,T+7,Economy,13666.4,3416.6,17083
2026-09-20,2026-09-27,2026-09-20 23:02:46,OTA_EaseMyTrip,BLR-DEL,Air India Express,BLR-DEL_20260927_IX_0620,T+7,Economy,6839.2,1709.8,8549
2026-09-20,2026-09-27,2026-09-20 23:02:46,OTA_EaseMyTrip,BLR-DEL,Air India Express,BLR-DEL_20260927_IX_0840,T+7,Economy,14489.6,3622.4,18112
2026-09-20,2026-09-27,2026-09-20 23:02:46,OTA_EaseMyTrip,BLR-DEL,Air India Express,BLR-DEL_20260927_IX_0920,T+7,Economy,8711.2,2177.8,10889
2026-09-20,2026-09-27,2026-09-20 23:02:46,OTA_EaseMyTrip,BLR-DEL,Air India Express,BLR-DEL_20260927_IX_1020,T+7,Economy,10006.4,2501.6,12508
2026-09-20,2026-09-27,2026-09-20 23:02:46,OTA_EaseMyTrip,BLR-DEL,Air India Express,BLR-DEL_20260927_IX_1055,T+7,Economy,18229.6,4557.4,22787
2026-09-20,2026-09-27,2026-09-20 23:02:46,OTA_EaseMyTrip,BLR-DEL,Air India Express,BLR-DEL_20260927_IX_1245,T+7,Economy,7702.4,1925.6,9628
2026-09-20,2026-09-27,2026-09-20 23:02:46,OTA_EaseMyTrip,BLR-DEL,Air India Express,BLR-DEL_20260927_IX_1250,T+7,Economy,10228.8,2557.2,12786
2026-09-20,2026-09-27,2026-09-20 23:02:46,OTA_EaseMyTrip,BLR-DEL,Air India Express,BLR-DEL_20260927_IX_1440,T+7,Economy,12881.6,3220.4,16102
2026-09-20,2026-09-27,2026-09-20 23:02:46,OTA_EaseMyTrip,BLR-DEL,Air India Express,BLR-DEL_20260927_IX_1500,T+7,Economy,18660.0,4665.0,23325
2026-09-20,2026-09-27,2026-09-20 23:02:46,OTA_EaseMyTrip,BLR-DEL,Air India Express,BLR-DEL_20260927_IX_1525,T+7,Economy,11392.8,2848.2,14241
2026-09-20,2026-09-27,2026-09-20 23:02:46,OTA_EaseMyTrip,BLR-DEL,Air India Express,BLR-DEL_20260927_IX_1610,T+7,Economy,11123.2,2780.8,13904
2026-09-20,2026-09-27,2026-09-20 23:02:46,OTA_EaseMyTrip,BLR-DEL,Air India Express,BLR-DEL_20260927_IX_1615,T+7,Economy,13832.0,3458.0,17290
2026-09-20,2026-09-27,2026-09-20 23:02:46,OTA_EaseMyTrip,BLR-DEL,Air India Express,BLR-DEL_20260927_IX_1650,T+7,Economy,12147.2,3036.8,15184
2026-09-20,2026-09-27,2026-09-20 23:02:46,OTA_EaseMyTrip,BLR-DEL,Air India Express,BLR-DEL_20260927_IX_1915,T+7,Economy,7702.4,1925.6,9628
2026-09-20,2026-09-27,2026-09-20 23:02:56,OTA_GoogleFlights,BLR-DEL,Air India Express,BLR-DEL_20260927_IX_2000,T+7,Economy,12954.4,3238.6,16193
2026-09-20,2026-09-27,2026-09-20 23:02:46,OTA_EaseMyTrip,BLR-DEL,Air India Express,BLR-DEL_20260927_IX_2100,T+7,Economy,13528.0,3382.0,16910
2026-09-20,2026-09-27,2026-09-20 23:02:46,OTA_EaseMyTrip,BLR-DEL,Air India Express,BLR-DEL_20260927_IX_2150,T+7,Economy,10006.4,2501.6,12508
2026-09-20,2026-09-27,2026-09-20 23:02:46,OTA_EaseMyTrip,BLR-DEL,Air India Express,BLR-DEL_20260927_IX_2200,T+7,Economy,7342.4,1835.6,9178
2026-09-20,2026-09-27,2026-09-20 23:02:56,OTA_GoogleFlights,BLR-DEL,Akasa Air,BLR-DEL_20260927_QP_0500,T+7,Economy,6971.2,1742.8,8714
2026-09-20,2026-09-27,2026-09-20 23:02:56,OTA_GoogleFlights,BLR-DEL,Akasa Air,BLR-DEL_20260927_QP_0815,T+7,Economy,6971.2,1742.8,8714
2026-09-20,2026-09-27,2026-09-20 23:02:56,OTA_GoogleFlights,BLR-DEL,Akasa Air,BLR-DEL_20260927_QP_1720,T+7,Economy,7702.4,1925.6,9628
2026-09-20,2026-09-27,2026-09-20 23:02:56,OTA_GoogleFlights,BLR-DEL,Akasa Air,BLR-DEL_20260927_QP_1725,T+7,Economy,7702.4,1925.6,9628
2026-09-20,2026-09-27,2026-09-20 23:02:56,OTA_GoogleFlights,BLR-DEL,Akasa Air,BLR-DEL_20260927_QP_2330,T+7,Economy,6971.2,1742.8,8714
2026-09-20,2026-10-05,2026-09-20 23:03:26,OTA_EaseMyTrip,BLR-DEL,IndiGo,BLR-DEL_20261005_6E_0100,T+15,Economy,6691.2,1672.8,8364
2026-09-20,2026-10-05,2026-09-20 23:03:26,OTA_EaseMyTrip,BLR-DEL,IndiGo,BLR-DEL_20261005_6E_0110,T+15,Economy,7791.2,1947.8,9739
2026-09-20,2026-10-05,2026-09-20 23:03:26,OTA_EaseMyTrip,BLR-DEL,IndiGo,BLR-DEL_20261005_6E_0240,T+15,Economy,7222.4,1805.6,9028
2026-09-20,2026-10-05,2026-09-20 23:03:26,OTA_EaseMyTrip,BLR-DEL,IndiGo,BLR-DEL_20261005_6E_0300,T+15,Economy,7056.0,1764.0,8820
2026-09-20,2026-10-05,2026-09-20 23:03:26,OTA_EaseMyTrip,BLR-DEL,IndiGo,BLR-DEL_20261005_6E_0430,T+15,Economy,7222.4,1805.6,9028
2026-09-20,2026-10-05,2026-09-20 23:03:35,OTA_GoogleFlights,BLR-DEL,IndiGo,BLR-DEL_20261005_6E_0505,T+15,Economy,6607.2,1651.8,8259
2026-09-20,2026-10-05,2026-09-20 23:03:26,OTA_EaseMyTrip,BLR-DEL,IndiGo,BLR-DEL_20261005_6E_0540,T+15,Economy,9167.2,2291.8,11459
2026-09-20,2026-10-05,2026-09-20 23:03:26,OTA_EaseMyTrip,BLR-DEL,IndiGo,BLR-DEL_20261005_6E_0605,T+15,Economy,7055.2,1763.8,8819
2026-09-20,2026-10-05,2026-09-20 23:03:26,OTA_EaseMyTrip,BLR-DEL,IndiGo,BLR-DEL_20261005_6E_0610,T+15,Economy,7116.8,1779.2,8896
2026-09-20,2026-10-05,2026-09-20 23:03:26,OTA_EaseMyTrip,BLR-DEL,IndiGo,BLR-DEL_20261005_6E_0630,T+15,Economy,12892.0,3223.0,16115
2026-09-20,2026-10-05,2026-09-20 23:03:26,OTA_EaseMyTrip,BLR-DEL,IndiGo,BLR-DEL_20261005_6E_0700,T+15,Economy,7444.8,1861.2,9306
2026-09-20,2026-10-05,2026-09-20 23:03:26,OTA_EaseMyTrip,BLR-DEL,IndiGo,BLR-DEL_20261005_6E_0715,T+15,Economy,8480.0,2120.0,10600
2026-09-20,2026-10-05,2026-09-20 23:03:26,OTA_EaseMyTrip,BLR-DEL,IndiGo,BLR-DEL_20261005_6E_0810,T+15,Economy,8700.0,2175.0,10875
2026-09-20,2026-10-05,2026-09-20 23:03:35,OTA_GoogleFlights,BLR-DEL,IndiGo,BLR-DEL_20261005_6E_0815,T+15,Economy,6972.0,1743.0,8715
2026-09-20,2026-10-05,2026-09-20 23:03:26,OTA_EaseMyTrip,BLR-DEL,IndiGo,BLR-DEL_20261005_6E_0820,T+15,Economy,7054.4,1763.6,8818
2026-09-20,2026-10-05,2026-09-20 23:03:26,OTA_EaseMyTrip,BLR-DEL,IndiGo,BLR-DEL_20261005_6E_0830,T+15,Economy,7222.4,1805.6,9028
2026-09-20,2026-10-05,2026-09-20 23:03:35,OTA_GoogleFlights,BLR-DEL,IndiGo,BLR-DEL_20261005_6E_0900,T+15,Economy,7360.8,1840.2,9201
2026-09-20,2026-10-05,2026-09-20 23:03:26,OTA_EaseMyTrip,BLR-DEL,IndiGo,BLR-DEL_20261005_6E_0905,T+15,Economy,6651.2,1662.8,8314
2026-09-20,2026-10-05,2026-09-20 23:03:26,OTA_EaseMyTrip,BLR-DEL,IndiGo,BLR-DEL_20261005_6E_0915,T+15,Economy,7116.8,1779.2,8896
2026-09-20,2026-10-05,2026-09-20 23:03:26,OTA_EaseMyTrip,BLR-DEL,IndiGo,BLR-DEL_20261005_6E_0920,T+15,Economy,6691.2,1672.8,8364
2026-09-20,2026-10-05,2026-09-20 23:03:35,OTA_GoogleFlights,BLR-DEL,IndiGo,BLR-DEL_20261005_6E_0930,T+15,Economy,6607.2,1651.8,8259
2026-09-20,2026-10-05,2026-09-20 23:03:26,OTA_EaseMyTrip,BLR-DEL,IndiGo,BLR-DEL_20261005_6E_0935,T+15,Economy,7419.2,1854.8,9274
2026-09-20,2026-10-05,2026-09-20 23:03:26,OTA_EaseMyTrip,BLR-DEL,IndiGo,BLR-DEL_20261005_6E_1015,T+15,Economy,7116.8,1779.2,8896
2026-09-20,2026-10-05,2026-09-20 23:03:35,OTA_GoogleFlights,BLR-DEL,IndiGo,BLR-DEL_20261005_6E_1045,T+15,Economy,6972.0,1743.0,8715
2026-09-20,2026-10-05,2026-09-20 23:03:26,OTA_EaseMyTrip,BLR-DEL,IndiGo,BLR-DEL_20261005_6E_1135,T+15,Economy,7116.8,1779.2,8896
2026-09-20,2026-10-05,2026-09-20 23:03:26,OTA_EaseMyTrip,BLR-DEL,IndiGo,BLR-DEL_20261005_6E_1140,T+15,Economy,11928.0,2982.0,14910
2026-09-20,2026-10-05,2026-09-20 23:03:35,OTA_GoogleFlights,BLR-DEL,IndiGo,BLR-DEL_20261005_6E_1200,T+15,Economy,6607.2,1651.8,8259
2026-09-20,2026-10-05,2026-09-20 23:03:26,OTA_EaseMyTrip,BLR-DEL,IndiGo,BLR-DEL_20261005_6E_1235,T+15,Economy,15053.6,3763.4,18817
2026-09-20,2026-10-05,2026-09-20 23:03:35,OTA_GoogleFlights,BLR-DEL,IndiGo,BLR-DEL_20261005_6E_1305,T+15,Economy,6972.0,1743.0,8715
2026-09-20,2026-10-05,2026-09-20 23:03:35,OTA_GoogleFlights,BLR-DEL,IndiGo,BLR-DEL_20261005_6E_1310,T+15,Economy,6607.2,1651.8,8259
2026-09-20,2026-10-05,2026-09-20 23:03:35,OTA_GoogleFlights,BLR-DEL,IndiGo,BLR-DEL_20261005_6E_1355,T+15,Economy,6972.0,1743.0,8715
2026-09-20,2026-10-05,2026-09-20 23:03:35,OTA_GoogleFlights,BLR-DEL,IndiGo,BLR-DEL_20261005_6E_1400,T+15,Economy,6607.2,1651.8,8259
2026-09-20,2026-10-05,2026-09-20 23:03:26,OTA_EaseMyTrip,BLR-DEL,IndiGo,BLR-DEL_20261005_6E_1445,T+15,Economy,6872.0,1718.0,8590
2026-09-20,2026-10-05,2026-09-20 23:03:26,OTA_EaseMyTrip,BLR-DEL,IndiGo,BLR-DEL_20261005_6E_1510,T+15,Economy,10754.4,2688.6,13443
2026-09-20,2026-10-05,2026-09-20 23:03:26,OTA_EaseMyTrip,BLR-DEL,IndiGo,BLR-DEL_20261005_6E_1535,T+15,Economy,8248.8,2062.2,10311
2026-09-20,2026-10-05,2026-09-20 23:03:35,OTA_GoogleFlights,BLR-DEL,IndiGo,BLR-DEL_20261005_6E_1545,T+15,Economy,6607.2,1651.8,8259
2026-09-20,2026-10-05,2026-09-20 23:03:26,OTA_EaseMyTrip,BLR-DEL,IndiGo,BLR-DEL_20261005_6E_1600,T+15,Economy,7222.4,1805.6,9028
2026-09-20,2026-10-05,2026-09-20 23:03:26,OTA_EaseMyTrip,BLR-DEL,IndiGo,BLR-DEL_20261005_6E_1620,T+15,Economy,7419.2,1854.8,9274
2026-09-20,2026-10-05,2026-09-20 23:03:26,OTA_EaseMyTrip,BLR-DEL,IndiGo,BLR-DEL_20261005_6E_1630,T+15,Economy,7116.8,1779.2,8896
2026-09-20,2026-10-05,2026-09-20 23:03:26,OTA_EaseMyTrip,BLR-DEL,IndiGo,BLR-DEL_20261005_6E_1645,T+15,Economy,6872.0,1718.0,8590
2026-09-20,2026-10-05,2026-09-20 23:03:35,OTA_GoogleFlights,BLR-DEL,IndiGo,BLR-DEL_20261005_6E_1700,T+15,Economy,6972.0,1743.0,8715
2026-09-20,2026-10-05,2026-09-20 23:03:26,OTA_EaseMyTrip,BLR-DEL,IndiGo,BLR-DEL_20261005_6E_1715,T+15,Economy,7222.4,1805.6,9028
2026-09-20,2026-10-05,2026-09-20 23:03:26,OTA_EaseMyTrip,BLR-DEL,IndiGo,BLR-DEL_20261005_6E_1725,T+15,Economy,7222.4,1805.6,9028
2026-09-20,2026-10-05,2026-09-20 23:03:26,OTA_EaseMyTrip,BLR-DEL,IndiGo,BLR-DEL_20261005_6E_1730,T+15,Economy,7222.4,1805.6,9028
2026-09-20,2026-10-05,2026-09-20 23:03:26,OTA_EaseMyTrip,BLR-DEL,IndiGo,BLR-DEL_20261005_6E_1740,T+15,Economy,8480.0,2120.0,10600
2026-09-20,2026-10-05,2026-09-20 23:03:35,OTA_GoogleFlights,BLR-DEL,IndiGo,BLR-DEL_20261005_6E_1815,T+15,Economy,6607.2,1651.8,8259
2026-09-20,2026-10-05,2026-09-20 23:03:26,OTA_EaseMyTrip,BLR-DEL,IndiGo,BLR-DEL_20261005_6E_1820,T+15,Economy,7284.8,1821.2,9106
2026-09-20,2026-10-05,2026-09-20 23:03:26,OTA_EaseMyTrip,BLR-DEL,IndiGo,BLR-DEL_20261005_6E_1835,T+15,Economy,7116.8,1779.2,8896
2026-09-20,2026-10-05,2026-09-20 23:03:26,OTA_EaseMyTrip,BLR-DEL,IndiGo,BLR-DEL_20261005_6E_1850,T+15,Economy,11604.8,2901.2,14506
2026-09-20,2026-10-05,2026-09-20 23:03:26,OTA_EaseMyTrip,BLR-DEL,IndiGo,BLR-DEL_20261005_6E_1905,T+15,Economy,7222.4,1805.6,9028
2026-09-20,2026-10-05,2026-09-20 23:03:26,OTA_EaseMyTrip,BLR-DEL,IndiGo,BLR-DEL_20261005_6E_1915,T+15,Economy,7853.6,1963.4,9817
2026-09-20,2026-10-05,2026-09-20 23:03:35,OTA_GoogleFlights,BLR-DEL,IndiGo,BLR-DEL_20261005_6E_1930,T+15,Economy,6607.2,1651.8,8259
2026-09-20,2026-10-05,2026-09-20 23:03:26,OTA_EaseMyTrip,BLR-DEL,IndiGo,BLR-DEL_20261005_6E_1955,T+15,Economy,7284.8,1821.2,9106
2026-09-20,2026-10-05,2026-09-20 23:03:26,OTA_EaseMyTrip,BLR-DEL,IndiGo,BLR-DEL_20261005_6E_2000,T+15,Economy,7222.4,1805.6,9028
2026-09-20,2026-10-05,2026-09-20 23:03:35,OTA_GoogleFlights,BLR-DEL,IndiGo,BLR-DEL_20261005_6E_2040,T+15,Economy,6607.2,1651.8,8259
2026-09-20,2026-10-05,2026-09-20 23:03:26,OTA_EaseMyTrip,BLR-DEL,IndiGo,BLR-DEL_20261005_6E_2125,T+15,Economy,8999.2,2249.8,11249
2026-09-20,2026-10-05,2026-09-20 23:03:26,OTA_EaseMyTrip,BLR-DEL,IndiGo,BLR-DEL_20261005_6E_2140,T+15,Economy,7222.4,1805.6,9028
2026-09-20,2026-10-05,2026-09-20 23:03:35,OTA_GoogleFlights,BLR-DEL,IndiGo,BLR-DEL_20261005_6E_2200,T+15,Economy,6607.2,1651.8,8259
2026-09-20,2026-10-05,2026-09-20 23:03:35,OTA_GoogleFlights,BLR-DEL,IndiGo,BLR-DEL_20261005_6E_2230,T+15,Economy,6607.2,1651.8,8259
2026-09-20,2026-10-05,2026-09-20 23:03:26,OTA_EaseMyTrip,BLR-DEL,IndiGo,BLR-DEL_20261005_6E_2240,T+15,Economy,7419.2,1854.8,9274
2026-09-20,2026-10-05,2026-09-20 23:03:26,OTA_EaseMyTrip,BLR-DEL,IndiGo,BLR-DEL_20261005_6E_2305,T+15,Economy,7222.4,1805.6,9028
2026-09-20,2026-10-05,2026-09-20 23:03:26,OTA_EaseMyTrip,BLR-DEL,IndiGo,BLR-DEL_20261005_6E_2330,T+15,Economy,6691.2,1672.8,8364
2026-09-20,2026-10-05,2026-09-20 23:03:35,OTA_GoogleFlights,BLR-DEL,Air India,BLR-DEL_20261005_AI_0015,T+15,Economy,6605.6,1651.4,8257
2026-09-20,2026-10-05,2026-09-20 23:03:26,OTA_EaseMyTrip,BLR-DEL,Air India,BLR-DEL_20261005_AI_0115,T+15,Economy,6850.4,1712.6,8563
2026-09-20,2026-10-05,2026-09-20 23:03:26,OTA_EaseMyTrip,BLR-DEL,Air India,BLR-DEL_20261005_AI_0400,T+15,Economy,7053.6,1763.4,8817
2026-09-20,2026-10-05,2026-09-20 23:03:26,OTA_EaseMyTrip,BLR-DEL,Air India,BLR-DEL_20261005_AI_0520,T+15,Economy,9287.2,2321.8,11609
2026-09-20,2026-10-05,2026-09-20 23:03:26,OTA_EaseMyTrip,BLR-DEL,Air India,BLR-DEL_20261005_AI_0530,T+15,Economy,11807.2,2951.8,14759
2026-09-20,2026-10-05,2026-09-20 23:03:35,OTA_GoogleFlights,BLR-DEL,Air India,BLR-DEL_20261005_AI_0600,T+15,Economy,6765.6,1691.4,8457
2026-09-20,2026-10-05,2026-09-20 23:03:26,OTA_EaseMyTrip,BLR-DEL,Air India,BLR-DEL_20261005_AI_0605,T+15,Economy,12140.0,3035.0,15175
2026-09-20,2026-10-05,2026-09-20 23:03:26,OTA_EaseMyTrip,BLR-DEL,Air India,BLR-DEL_20261005_AI_0610,T+15,Economy,7702.4,1925.6,9628
2026-09-20,2026-10-05,2026-09-20 23:03:26,OTA_EaseMyTrip,BLR-DEL,Air India,BLR-DEL_20261005_AI_0635,T+15,Economy,11911.2,2977.8,14889
2026-09-20,2026-10-05,2026-09-20 23:03:26,OTA_EaseMyTrip,BLR-DEL,Air India,BLR-DEL_20261005_AI_0640,T+15,Economy,7576.0,1894.0,9470
2026-09-20,2026-10-05,2026-09-20 23:03:35,OTA_GoogleFlights,BLR-DEL,Air India,BLR-DEL_20261005_AI_0700,T+15,Economy,6874.4,1718.6,8593
2026-09-20,2026-10-05,2026-09-20 23:03:26,OTA_EaseMyTrip,BLR-DEL,Air India,BLR-DEL_20261005_AI_0705,T+15,Economy,10726.4,2681.6,13408
2026-09-20,2026-10-05,2026-09-20 23:03:26,OTA_EaseMyTrip,BLR-DEL,Air India,BLR-DEL_20261005_AI_0840,T+15,Economy,11677.6,2919.4,14597
2026-09-20,2026-10-05,2026-09-20 23:03:26,OTA_EaseMyTrip,BLR-DEL,Air India,BLR-DEL_20261005_AI_0900,T+15,Economy,7426.4,1856.6,9283
2026-09-20,2026-10-05,2026-09-20 23:03:26,OTA_EaseMyTrip,BLR-DEL,Air India,BLR-DEL_20261005_AI_0910,T+15,Economy,18102.4,4525.6,22628
2026-09-20,2026-10-05,2026-09-20 23:03:26,OTA_EaseMyTrip,BLR-DEL,Air India,BLR-DEL_20261005_AI_0920,T+15,Economy,13070.4,3267.6,16338
2026-09-20,2026-10-05,2026-09-20 23:03:35,OTA_GoogleFlights,BLR-DEL,Air India,BLR-DEL_20261005_AI_1000,T+15,Economy,6605.6,1651.4,8257
2026-09-20,2026-10-05,2026-09-20 23:03:26,OTA_EaseMyTrip,BLR-DEL,Air India,BLR-DEL_20261005_AI_1005,T+15,Economy,11240.0,2810.0,14050
2026-09-20,2026-10-05,2026-09-20 23:03:26,OTA_EaseMyTrip,BLR-DEL,Air India,BLR-DEL_20261005_AI_1020,T+15,Economy,12181.6,3045.4,15227
2026-09-20,2026-10-05,2026-09-20 23:03:26,OTA_EaseMyTrip,BLR-DEL,Air India,BLR-DEL_20261005_AI_1040,T+15,Economy,11142.4,2785.6,13928
2026-09-20,2026-10-05,2026-09-20 23:03:26,OTA_EaseMyTrip,BLR-DEL,Air India,BLR-DEL_20261005_AI_1055,T+15,Economy,10558.4,2639.6,13198
2026-09-20,2026-10-05,2026-09-20 23:03:35,OTA_GoogleFlights,BLR-DEL,Air India,BLR-DEL_20261005_AI_1100,T+15,Economy,6605.6,1651.4,8257
2026-09-20,2026-10-05,2026-09-20 23:03:26,OTA_EaseMyTrip,BLR-DEL,Air India,BLR-DEL_20261005_AI_1200,T+15,Economy,10726.4,2681.6,13408
2026-09-20,2026-10-05,2026-09-20 23:03:26,OTA_EaseMyTrip,BLR-DEL,Air India,BLR-DEL_20261005_AI_1245,T+15,Economy,6839.2,1709.8,8549
2026-09-20,2026-10-05,2026-09-20 23:03:35,OTA_GoogleFlights,BLR-DEL,Air India,BLR-DEL_20261005_AI_1400,T+15,Economy,6605.6,1651.4,8257
2026-09-20,2026-10-05,2026-09-20 23:03:35,OTA_GoogleFlights,BLR-DEL,Air India,BLR-DEL_20261005_AI_1500,T+15,Economy,6605.6,1651.4,8257
2026-09-20,2026-10-05,2026-09-20 23:03:26,OTA_EaseMyTrip,BLR-DEL,Air India,BLR-DEL_20261005_AI_1525,T+15,Economy,6839.2,1709.8,8549
2026-09-20,2026-10-05,2026-09-20 23:03:35,OTA_GoogleFlights,BLR-DEL,Air India,BLR-DEL_20261005_AI_1530,T+15,Economy,6605.6,1651.4,8257
2026-09-20,2026-10-05,2026-09-20 23:03:26,OTA_EaseMyTrip,BLR-DEL,Air India,BLR-DEL_20261005_AI_1610,T+15,Economy,6839.2,1709.8,8549
2026-09-20,2026-10-05,2026-09-20 23:03:26,OTA_EaseMyTrip,BLR-DEL,Air India,BLR-DEL_20261005_AI_1615,T+15,Economy,14536.8,3634.2,18171
2026-09-20,2026-10-05,2026-09-20 23:03:35,OTA_GoogleFlights,BLR-DEL,Air India,BLR-DEL_20261005_AI_1630,T+15,Economy,6605.6,1651.4,8257
2026-09-20,2026-10-05,2026-09-20 23:03:35,OTA_GoogleFlights,BLR-DEL,Air India,BLR-DEL_20261005_AI_1700,T+15,Economy,7084.8,1771.2,8856
2026-09-20,2026-10-05,2026-09-20 23:03:26,OTA_EaseMyTrip,BLR-DEL,Air India,BLR-DEL_20261005_AI_1715,T+15,Economy,14105.6,3526.4,17632
2026-09-20,2026-10-05,2026-09-20 23:03:35,OTA_GoogleFlights,BLR-DEL,Air India,BLR-DEL_20261005_AI_1725,T+15,Economy,6605.6,1651.4,8257
2026-09-20,2026-10-05,2026-09-20 23:03:26,OTA_EaseMyTrip,BLR-DEL,Air India,BLR-DEL_20261005_AI_1735,T+15,Economy,7296.0,1824.0,9120
2026-09-20,2026-10-05,2026-09-20 23:03:35,OTA_GoogleFlights,BLR-DEL,Air India,BLR-DEL_20261005_AI_1820,T+15,Economy,6605.6,1651.4,8257
2026-09-20,2026-10-05,2026-09-20 23:03:26,OTA_EaseMyTrip,BLR-DEL,Air India,BLR-DEL_20261005_AI_1845,T+15,Economy,6774.4,1693.6,8468
2026-09-20,2026-10-05,2026-09-20 23:03:26,OTA_EaseMyTrip,BLR-DEL,Air India,BLR-DEL_20261005_AI_1910,T+15,Economy,15728.0,3932.0,19660
2026-09-20,2026-10-05,2026-09-20 23:03:26,OTA_EaseMyTrip,BLR-DEL,Air India,BLR-DEL_20261005_AI_2000,T+15,Economy,7055.2,1763.8,8819
2026-09-20,2026-10-05,2026-09-20 23:03:26,OTA_EaseMyTrip,BLR-DEL,Air India,BLR-DEL_20261005_AI_2100,T+15,Economy,14536.8,3634.2,18171
2026-09-20,2026-10-05,2026-09-20 23:03:26,OTA_EaseMyTrip,BLR-DEL,Air India,BLR-DEL_20261005_AI_2150,T+15,Economy,7702.4,1925.6,9628
2026-09-20,2026-10-05,2026-09-20 23:03:35,OTA_GoogleFlights,BLR-DEL,Air India,BLR-DEL_20261005_AI_2200,T+15,Economy,6605.6,1651.4,8257
2026-09-20,2026-10-05,2026-09-20 23:03:35,OTA_GoogleFlights,BLR-DEL,Air India,BLR-DEL_20261005_AI_2230,T+15,Economy,6605.6,1651.4,8257
2026-09-20,2026-10-05,2026-09-20 23:03:26,OTA_EaseMyTrip,BLR-DEL,Air India Express,BLR-DEL_20261005_IX_0115,T+15,Economy,6850.4,1712.6,8563
2026-09-20,2026-10-05,2026-09-20 23:03:26,OTA_EaseMyTrip,BLR-DEL,Air India Express,BLR-DEL_20261005_IX_0400,T+15,Economy,7053.6,1763.4,8817
2026-09-20,2026-10-05,2026-09-20 23:03:26,OTA_EaseMyTrip,BLR-DEL,Air India Express,BLR-DEL_20261005_IX_0520,T+15,Economy,9287.2,2321.8,11609
2026-09-20,2026-10-05,2026-09-20 23:03:26,OTA_EaseMyTrip,BLR-DEL,Air India Express,BLR-DEL_20261005_IX_0530,T+15,Economy,11807.2,2951.8,14759
2026-09-20,2026-10-05,2026-09-20 23:03:26,OTA_EaseMyTrip,BLR-DEL,Air India Express,BLR-DEL_20261005_IX_0610,T+15,Economy,7702.4,1925.6,9628
2026-09-20,2026-10-05,2026-09-20 23:03:26,OTA_EaseMyTrip,BLR-DEL,Air India Express,BLR-DEL_20261005_IX_0635,T+15,Economy,11911.2,2977.8,14889
2026-09-20,2026-10-05,2026-09-20 23:03:26,OTA_EaseMyTrip,BLR-DEL,Air India Express,BLR-DEL_20261005_IX_0640,T+15,Economy,7576.0,1894.0,9470
2026-09-20,2026-10-05,2026-09-20 23:03:35,OTA_GoogleFlights,BLR-DEL,Air India Express,BLR-DEL_20261005_IX_0700,T+15,Economy,6924.8,1731.2,8656
2026-09-20,2026-10-05,2026-09-20 23:03:26,OTA_EaseMyTrip,BLR-DEL,Air India Express,BLR-DEL_20261005_IX_0705,T+15,Economy,10726.4,2681.6,13408
2026-09-20,2026-10-05,2026-09-20 23:03:26,OTA_EaseMyTrip,BLR-DEL,Air India Express,BLR-DEL_20261005_IX_0840,T+15,Economy,11807.2,2951.8,14759
2026-09-20,2026-10-05,2026-09-20 23:03:26,OTA_EaseMyTrip,BLR-DEL,Air India Express,BLR-DEL_20261005_IX_0920,T+15,Economy,13070.4,3267.6,16338
2026-09-20,2026-10-05,2026-09-20 23:03:26,OTA_EaseMyTrip,BLR-DEL,Air India Express,BLR-DEL_20261005_IX_1020,T+15,Economy,12181.6,3045.4,15227
2026-09-20,2026-10-05,2026-09-20 23:03:26,OTA_EaseMyTrip,BLR-DEL,Air India Express,BLR-DEL_20261005_IX_1055,T+15,Economy,10558.4,2639.6,13198
2026-09-20,2026-10-05,2026-09-20 23:03:26,OTA_EaseMyTrip,BLR-DEL,Air India Express,BLR-DEL_20261005_IX_1200,T+15,Economy,10726.4,2681.6,13408
2026-09-20,2026-10-05,2026-09-20 23:03:26,OTA_EaseMyTrip,BLR-DEL,Air India Express,BLR-DEL_20261005_IX_1245,T+15,Economy,6839.2,1709.8,8549
2026-09-20,2026-10-05,2026-09-20 23:03:26,OTA_EaseMyTrip,BLR-DEL,Air India Express,BLR-DEL_20261005_IX_1500,T+15,Economy,10006.4,2501.6,12508
2026-09-20,2026-10-05,2026-09-20 23:03:26,OTA_EaseMyTrip,BLR-DEL,Air India Express,BLR-DEL_20261005_IX_1525,T+15,Economy,6839.2,1709.8,8549
2026-09-20,2026-10-05,2026-09-20 23:03:26,OTA_EaseMyTrip,BLR-DEL,Air India Express,BLR-DEL_20261005_IX_1610,T+15,Economy,6839.2,1709.8,8549
2026-09-20,2026-10-05,2026-09-20 23:03:26,OTA_EaseMyTrip,BLR-DEL,Air India Express,BLR-DEL_20261005_IX_1615,T+15,Economy,14536.8,3634.2,18171
2026-09-20,2026-10-05,2026-09-20 23:03:26,OTA_EaseMyTrip,BLR-DEL,Air India Express,BLR-DEL_20261005_IX_1735,T+15,Economy,7296.0,1824.0,9120
2026-09-20,2026-10-05,2026-09-20 23:03:26,OTA_EaseMyTrip,BLR-DEL,Air India Express,BLR-DEL_20261005_IX_1845,T+15,Economy,6774.4,1693.6,8468
2026-09-20,2026-10-05,2026-09-20 23:03:26,OTA_EaseMyTrip,BLR-DEL,Air India Express,BLR-DEL_20261005_IX_2100,T+15,Economy,14536.8,3634.2,18171
2026-09-20,2026-10-05,2026-09-20 23:03:26,OTA_EaseMyTrip,BLR-DEL,Air India Express,BLR-DEL_20261005_IX_2150,T+15,Economy,7702.4,1925.6,9628
2026-09-20,2026-10-05,2026-09-20 23:03:35,OTA_GoogleFlights,BLR-DEL,Akasa Air,BLR-DEL_20261005_QP_0115,T+15,Economy,6971.2,1742.8,8714
2026-09-20,2026-10-05,2026-09-20 23:03:35,OTA_GoogleFlights,BLR-DEL,Akasa Air,BLR-DEL_20261005_QP_0500,T+15,Economy,6971.2,1742.8,8714
2026-09-20,2026-10-05,2026-09-20 23:03:35,OTA_GoogleFlights,BLR-DEL,Akasa Air,BLR-DEL_20261005_QP_0530,T+15,Economy,6971.2,1742.8,8714
2026-09-20,2026-10-05,2026-09-20 23:03:35,OTA_GoogleFlights,BLR-DEL,Akasa Air,BLR-DEL_20261005_QP_1305,T+15,Economy,6971.2,1742.8,8714
2026-09-20,2026-10-05,2026-09-20 23:03:35,OTA_GoogleFlights,BLR-DEL,Akasa Air,BLR-DEL_20261005_QP_2330,T+15,Economy,6971.2,1742.8,8714
2026-09-20,2026-10-20,2026-09-20 23:04:14,OTA_GoogleFlights,BLR-DEL,IndiGo,BLR-DEL_20261020_6E_0010,T+30,Economy,7600.0,1900.0,9500
2026-09-20,2026-10-20,2026-09-20 23:04:05,OTA_EaseMyTrip,BLR-DEL,IndiGo,BLR-DEL_20261020_6E_0100,T+30,Economy,7684.0,1921.0,9605
2026-09-20,2026-10-20,2026-09-20 23:04:05,OTA_EaseMyTrip,BLR-DEL,IndiGo,BLR-DEL_20261020_6E_0110,T+30,Economy,8031.2,2007.8,10039
2026-09-20,2026-10-20,2026-09-20 23:04:05,OTA_EaseMyTrip,BLR-DEL,IndiGo,BLR-DEL_20261020_6E_0240,T+30,Economy,8031.2,2007.8,10039
2026-09-20,2026-10-20,2026-09-20 23:04:14,OTA_GoogleFlights,BLR-DEL,IndiGo,BLR-DEL_20261020_6E_0300,T+30,Economy,7600.0,1900.0,9500
2026-09-20,2026-10-20,2026-09-20 23:04:05,OTA_EaseMyTrip,BLR-DEL,IndiGo,BLR-DEL_20261020_6E_0430,T+30,Economy,8031.2,2007.8,10039
2026-09-20,2026-10-20,2026-09-20 23:04:14,OTA_GoogleFlights,BLR-DEL,IndiGo,BLR-DEL_20261020_6E_0500,T+30,Economy,7600.0,1900.0,9500
2026-09-20,2026-10-20,2026-09-20 23:04:14,OTA_GoogleFlights,BLR-DEL,IndiGo,BLR-DEL_20261020_6E_0505,T+30,Economy,7600.0,1900.0,9500
2026-09-20,2026-10-20,2026-09-20 23:04:05,OTA_EaseMyTrip,BLR-DEL,IndiGo,BLR-DEL_20261020_6E_0540,T+30,Economy,8094.4,2023.6,10118
2026-09-20,2026-10-20,2026-09-20 23:04:14,OTA_GoogleFlights,BLR-DEL,IndiGo,BLR-DEL_20261020_6E_0605,T+30,Economy,7841.6,1960.4,9802
2026-09-20,2026-10-20,2026-09-20 23:04:05,OTA_EaseMyTrip,BLR-DEL,IndiGo,BLR-DEL_20261020_6E_0610,T+30,Economy,9213.6,2303.4,11517
2026-09-20,2026-10-20,2026-09-20 23:04:05,OTA_EaseMyTrip,BLR-DEL,IndiGo,BLR-DEL_20261020_6E_0630,T+30,Economy,21620.0,5405.0,27025
2026-09-20,2026-10-20,2026-09-20 23:04:05,OTA_EaseMyTrip,BLR-DEL,IndiGo,BLR-DEL_20261020_6E_0650,T+30,Economy,8645.6,2161.4,10807
2026-09-20,2026-10-20,2026-09-20 23:04:05,OTA_EaseMyTrip,BLR-DEL,IndiGo,BLR-DEL_20261020_6E_0700,T+30,Economy,7925.6,1981.4,9907
2026-09-20,2026-10-20,2026-09-20 23:04:05,OTA_EaseMyTrip,BLR-DEL,IndiGo,BLR-DEL_20261020_6E_0715,T+30,Economy,8094.4,2023.6,10118
2026-09-20,2026-10-20,2026-09-20 23:04:05,OTA_EaseMyTrip,BLR-DEL,IndiGo,BLR-DEL_20261020_6E_0810,T+30,Economy,12026.4,3006.6,15033
2026-09-20,2026-10-20,2026-09-20 23:04:05,OTA_EaseMyTrip,BLR-DEL,IndiGo,BLR-DEL_20261020_6E_0815,T+30,Economy,7684.0,1921.0,9605
2026-09-20,2026-10-20,2026-09-20 23:04:05,OTA_EaseMyTrip,BLR-DEL,IndiGo,BLR-DEL_20261020_6E_0820,T+30,Economy,7863.2,1965.8,9829
2026-09-20,2026-10-20,2026-09-20 23:04:05,OTA_EaseMyTrip,BLR-DEL,IndiGo,BLR-DEL_20261020_6E_0830,T+30,Economy,8031.2,2007.8,10039
2026-09-20,2026-10-20,2026-09-20 23:04:05,OTA_EaseMyTrip,BLR-DEL,IndiGo,BLR-DEL_20261020_6E_0905,T+30,Economy,7978.4,1994.6,9973
2026-09-20,2026-10-20,2026-09-20 23:04:05,OTA_EaseMyTrip,BLR-DEL,IndiGo,BLR-DEL_20261020_6E_0915,T+30,Economy,7926.4,1981.6,9908
2026-09-20,2026-10-20,2026-09-20 23:04:05,OTA_EaseMyTrip,BLR-DEL,IndiGo,BLR-DEL_20261020_6E_0920,T+30,Economy,7684.0,1921.0,9605
2026-09-20,2026-10-20,2026-09-20 23:04:14,OTA_GoogleFlights,BLR-DEL,IndiGo,BLR-DEL_20261020_6E_0930,T+30,Economy,7600.0,1900.0,9500
2026-09-20,2026-10-20,2026-09-20 23:04:05,OTA_EaseMyTrip,BLR-DEL,IndiGo,BLR-DEL_20261020_6E_0935,T+30,Economy,9364.8,2341.2,11706
2026-09-20,2026-10-20,2026-09-20 23:04:05,OTA_EaseMyTrip,BLR-DEL,IndiGo,BLR-DEL_20261020_6E_1015,T+30,Economy,8540.8,2135.2,10676
2026-09-20,2026-10-20,2026-09-20 23:04:05,OTA_EaseMyTrip,BLR-DEL,IndiGo,BLR-DEL_20261020_6E_1035,T+30,Economy,9381.6,2345.4,11727
2026-09-20,2026-10-20,2026-09-20 23:04:14,OTA_GoogleFlights,BLR-DEL,IndiGo,BLR-DEL_20261020_6E_1045,T+30,Economy,7600.0,1900.0,9500
2026-09-20,2026-10-20,2026-09-20 23:04:05,OTA_EaseMyTrip,BLR-DEL,IndiGo,BLR-DEL_20261020_6E_1050,T+30,Economy,8094.4,2023.6,10118
2026-09-20,2026-10-20,2026-09-20 23:04:05,OTA_EaseMyTrip,BLR-DEL,IndiGo,BLR-DEL_20261020_6E_1135,T+30,Economy,7926.4,1981.6,9908
2026-09-20,2026-10-20,2026-09-20 23:04:05,OTA_EaseMyTrip,BLR-DEL,IndiGo,BLR-DEL_20261020_6E_1140,T+30,Economy,8031.2,2007.8,10039
2026-09-20,2026-10-20,2026-09-20 23:04:14,OTA_GoogleFlights,BLR-DEL,IndiGo,BLR-DEL_20261020_6E_1200,T+30,Economy,7600.0,1900.0,9500
2026-09-20,2026-10-20,2026-09-20 23:04:05,OTA_EaseMyTrip,BLR-DEL,IndiGo,BLR-DEL_20261020_6E_1235,T+30,Economy,10118.4,2529.6,12648
2026-09-20,2026-10-20,2026-09-20 23:04:14,OTA_GoogleFlights,BLR-DEL,IndiGo,BLR-DEL_20261020_6E_1305,T+30,Economy,8520.0,2130.0,10650
2026-09-20,2026-10-20,2026-09-20 23:04:14,OTA_GoogleFlights,BLR-DEL,IndiGo,BLR-DEL_20261020_6E_1310,T+30,Economy,7841.6,1960.4,9802
2026-09-20,2026-10-20,2026-09-20 23:04:14,OTA_GoogleFlights,BLR-DEL,IndiGo,BLR-DEL_20261020_6E_1355,T+30,Economy,7841.6,1960.4,9802
2026-09-20,2026-10-20,2026-09-20 23:04:05,OTA_EaseMyTrip,BLR-DEL,IndiGo,BLR-DEL_20261020_6E_1445,T+30,Economy,8813.6,2203.4,11017
2026-09-20,2026-10-20,2026-09-20 23:04:05,OTA_EaseMyTrip,BLR-DEL,IndiGo,BLR-DEL_20261020_6E_1510,T+30,Economy,8094.4,2023.6,10118
2026-09-20,2026-10-20,2026-09-20 23:04:05,OTA_EaseMyTrip,BLR-DEL,IndiGo,BLR-DEL_20261020_6E_1535,T+30,Economy,9887.2,2471.8,12359
2026-09-20,2026-10-20,2026-09-20 23:04:14,OTA_GoogleFlights,BLR-DEL,IndiGo,BLR-DEL_20261020_6E_1545,T+30,Economy,7600.0,1900.0,9500
2026-09-20,2026-10-20,2026-09-20 23:04:05,OTA_EaseMyTrip,BLR-DEL,IndiGo,BLR-DEL_20261020_6E_1600,T+30,Economy,8031.2,2007.8,10039
2026-09-20,2026-10-20,2026-09-20 23:04:05,OTA_EaseMyTrip,BLR-DEL,IndiGo,BLR-DEL_20261020_6E_1620,T+30,Economy,8780.0,2195.0,10975
2026-09-20,2026-10-20,2026-09-20 23:04:05,OTA_EaseMyTrip,BLR-DEL,IndiGo,BLR-DEL_20261020_6E_1630,T+30,Economy,7926.4,1981.6,9908
2026-09-20,2026-10-20,2026-09-20 23:04:05,OTA_EaseMyTrip,BLR-DEL,IndiGo,BLR-DEL_20261020_6E_1645,T+30,Economy,8813.6,2203.4,11017
2026-09-20,2026-10-20,2026-09-20 23:04:14,OTA_GoogleFlights,BLR-DEL,IndiGo,BLR-DEL_20261020_6E_1700,T+30,Economy,7841.6,1960.4,9802
2026-09-20,2026-10-20,2026-09-20 23:04:05,OTA_EaseMyTrip,BLR-DEL,IndiGo,BLR-DEL_20261020_6E_1715,T+30,Economy,7863.2,1965.8,9829
2026-09-20,2026-10-20,2026-09-20 23:04:05,OTA_EaseMyTrip,BLR-DEL,IndiGo,BLR-DEL_20261020_6E_1730,T+30,Economy,8031.2,2007.8,10039
2026-09-20,2026-10-20,2026-09-20 23:04:14,OTA_GoogleFlights,BLR-DEL,IndiGo,BLR-DEL_20261020_6E_1815,T+30,Economy,7600.0,1900.0,9500
2026-09-20,2026-10-20,2026-09-20 23:04:05,OTA_EaseMyTrip,BLR-DEL,IndiGo,BLR-DEL_20261020_6E_1820,T+30,Economy,8094.4,2023.6,10118
2026-09-20,2026-10-20,2026-09-20 23:04:05,OTA_EaseMyTrip,BLR-DEL,IndiGo,BLR-DEL_20261020_6E_1835,T+30,Economy,7926.4,1981.6,9908
2026-09-20,2026-10-20,2026-09-20 23:04:05,OTA_EaseMyTrip,BLR-DEL,IndiGo,BLR-DEL_20261020_6E_1850,T+30,Economy,12770.4,3192.6,15963
2026-09-20,2026-10-20,2026-09-20 23:04:05,OTA_EaseMyTrip,BLR-DEL,IndiGo,BLR-DEL_20261020_6E_1905,T+30,Economy,8031.2,2007.8,10039
2026-09-20,2026-10-20,2026-09-20 23:04:05,OTA_EaseMyTrip,BLR-DEL,IndiGo,BLR-DEL_20261020_6E_1915,T+30,Economy,12580.0,3145.0,15725
2026-09-20,2026-10-20,2026-09-20 23:04:14,OTA_GoogleFlights,BLR-DEL,IndiGo,BLR-DEL_20261020_6E_1930,T+30,Economy,7600.0,1900.0,9500
2026-09-20,2026-10-20,2026-09-20 23:04:05,OTA_EaseMyTrip,BLR-DEL,IndiGo,BLR-DEL_20261020_6E_1955,T+30,Economy,8094.4,2023.6,10118
2026-09-20,2026-10-20,2026-09-20 23:04:14,OTA_GoogleFlights,BLR-DEL,IndiGo,BLR-DEL_20261020_6E_2040,T+30,Economy,7600.0,1900.0,9500
2026-09-20,2026-10-20,2026-09-20 23:04:05,OTA_EaseMyTrip,BLR-DEL,IndiGo,BLR-DEL_20261020_6E_2125,T+30,Economy,7926.4,1981.6,9908
2026-09-20,2026-10-20,2026-09-20 23:04:05,OTA_EaseMyTrip,BLR-DEL,IndiGo,BLR-DEL_20261020_6E_2140,T+30,Economy,9055.2,2263.8,11319
2026-09-20,2026-10-20,2026-09-20 23:04:14,OTA_GoogleFlights,BLR-DEL,IndiGo,BLR-DEL_20261020_6E_2200,T+30,Economy,7600.0,1900.0,9500
2026-09-20,2026-10-20,2026-09-20 23:04:05,OTA_EaseMyTrip,BLR-DEL,IndiGo,BLR-DEL_20261020_6E_2240,T+30,Economy,8240.0,2060.0,10300
2026-09-20,2026-10-20,2026-09-20 23:04:05,OTA_EaseMyTrip,BLR-DEL,IndiGo,BLR-DEL_20261020_6E_2305,T+30,Economy,10841.6,2710.4,13552
2026-09-20,2026-10-20,2026-09-20 23:04:05,OTA_EaseMyTrip,BLR-DEL,IndiGo,BLR-DEL_20261020_6E_2330,T+30,Economy,8604.0,2151.0,10755
2026-09-20,2026-10-20,2026-09-20 23:04:05,OTA_EaseMyTrip,BLR-DEL,Air India,BLR-DEL_20261020_AI_0015,T+30,Economy,7933.6,1983.4,9917
2026-09-20,2026-10-20,2026-09-20 23:04:05,OTA_EaseMyTrip,BLR-DEL,Air India,BLR-DEL_20261020_AI_0115,T+30,Economy,8301.6,2075.4,10377
2026-09-20,2026-10-20,2026-09-20 23:04:05,OTA_EaseMyTrip,BLR-DEL,Air India,BLR-DEL_20261020_AI_0400,T+30,Economy,7342.4,1835.6,9178
2026-09-20,2026-10-20,2026-09-20 23:04:14,OTA_GoogleFlights,BLR-DEL,Air India,BLR-DEL_20261020_AI_0530,T+30,Economy,7601.6,1900.4,9502
2026-09-20,2026-10-20,2026-09-20 23:04:05,OTA_EaseMyTrip,BLR-DEL,Air India,BLR-DEL_20261020_AI_0600,T+30,Economy,7933.6,1983.4,9917
2026-09-20,2026-10-20,2026-09-20 23:04:05,OTA_EaseMyTrip,BLR-DEL,Air India,BLR-DEL_20261020_AI_0605,T+30,Economy,11232.0,2808.0,14040
2026-09-20,2026-10-20,2026-09-20 23:04:05,OTA_EaseMyTrip,BLR-DEL,Air India,BLR-DEL_20261020_AI_0610,T+30,Economy,10880.8,2720.2,13601
2026-09-20,2026-10-20,2026-09-20 23:04:05,OTA_EaseMyTrip,BLR-DEL,Air India,BLR-DEL_20261020_AI_0635,T+30,Economy,13953.6,3488.4,17442
2026-09-20,2026-10-20,2026-09-20 23:04:05,OTA_EaseMyTrip,BLR-DEL,Air India,BLR-DEL_20261020_AI_0640,T+30,Economy,7924.8,1981.2,9906
2026-09-20,2026-10-20,2026-09-20 23:04:14,OTA_GoogleFlights,BLR-DEL,Air India,BLR-DEL_20261020_AI_0700,T+30,Economy,7601.6,1900.4,9502
2026-09-20,2026-10-20,2026-09-20 23:04:05,OTA_EaseMyTrip,BLR-DEL,Air India,BLR-DEL_20261020_AI_0705,T+30,Economy,11455.2,2863.8,14319
2026-09-20,2026-10-20,2026-09-20 23:04:14,OTA_GoogleFlights,BLR-DEL,Air India,BLR-DEL_20261020_AI_0815,T+30,Economy,7601.6,1900.4,9502
2026-09-20,2026-10-20,2026-09-20 23:04:05,OTA_EaseMyTrip,BLR-DEL,Air India,BLR-DEL_20261020_AI_0840,T+30,Economy,11455.2,2863.8,14319
2026-09-20,2026-10-20,2026-09-20 23:04:14,OTA_GoogleFlights,BLR-DEL,Air India,BLR-DEL_20261020_AI_0900,T+30,Economy,7727.2,1931.8,9659
2026-09-20,2026-10-20,2026-09-20 23:04:05,OTA_EaseMyTrip,BLR-DEL,Air India,BLR-DEL_20261020_AI_0910,T+30,Economy,11647.2,2911.8,14559
2026-09-20,2026-10-20,2026-09-20 23:04:05,OTA_EaseMyTrip,BLR-DEL,Air India,BLR-DEL_20261020_AI_0920,T+30,Economy,14331.2,3582.8,17914
2026-09-20,2026-10-20,2026-09-20 23:04:14,OTA_GoogleFlights,BLR-DEL,Air India,BLR-DEL_20261020_AI_1000,T+30,Economy,7601.6,1900.4,9502
2026-09-20,2026-10-20,2026-09-20 23:04:05,OTA_EaseMyTrip,BLR-DEL,Air India,BLR-DEL_20261020_AI_1005,T+30,Economy,14905.6,3726.4,18632
2026-09-20,2026-10-20,2026-09-20 23:04:05,OTA_EaseMyTrip,BLR-DEL,Air India,BLR-DEL_20261020_AI_1020,T+30,Economy,15037.6,3759.4,18797
2026-09-20,2026-10-20,2026-09-20 23:04:05,OTA_EaseMyTrip,BLR-DEL,Air India,BLR-DEL_20261020_AI_1040,T+30,Economy,12725.6,3181.4,15907
2026-09-20,2026-10-20,2026-09-20 23:04:05,OTA_EaseMyTrip,BLR-DEL,Air India,BLR-DEL_20261020_AI_1055,T+30,Economy,18136.0,4534.0,22670
2026-09-20,2026-10-20,2026-09-20 23:04:14,OTA_GoogleFlights,BLR-DEL,Air India,BLR-DEL_20261020_AI_1100,T+30,Economy,7601.6,1900.4,9502
2026-09-20,2026-10-20,2026-09-20 23:04:05,OTA_EaseMyTrip,BLR-DEL,Air India,BLR-DEL_20261020_AI_1200,T+30,Economy,10726.4,2681.6,13408
2026-09-20,2026-10-20,2026-09-20 23:04:05,OTA_EaseMyTrip,BLR-DEL,Air India,BLR-DEL_20261020_AI_1245,T+30,Economy,8133.6,2033.4,10167
2026-09-20,2026-10-20,2026-09-20 23:04:14,OTA_GoogleFlights,BLR-DEL,Air India,BLR-DEL_20261020_AI_1400,T+30,Economy,7601.6,1900.4,9502
2026-09-20,2026-10-20,2026-09-20 23:04:05,OTA_EaseMyTrip,BLR-DEL,Air India,BLR-DEL_20261020_AI_1425,T+30,Economy,11308.0,2827.0,14135
2026-09-20,2026-10-20,2026-09-20 23:04:05,OTA_EaseMyTrip,BLR-DEL,Air India,BLR-DEL_20261020_AI_1455,T+30,Economy,12432.0,3108.0,15540
2026-09-20,2026-10-20,2026-09-20 23:04:14,OTA_GoogleFlights,BLR-DEL,Air India,BLR-DEL_20261020_AI_1500,T+30,Economy,7601.6,1900.4,9502
2026-09-20,2026-10-20,2026-09-20 23:04:05,OTA_EaseMyTrip,BLR-DEL,Air India,BLR-DEL_20261020_AI_1525,T+30,Economy,10663.2,2665.8,13329
2026-09-20,2026-10-20,2026-09-20 23:04:14,OTA_GoogleFlights,BLR-DEL,Air India,BLR-DEL_20261020_AI_1530,T+30,Economy,7601.6,1900.4,9502
2026-09-20,2026-10-20,2026-09-20 23:04:05,OTA_EaseMyTrip,BLR-DEL,Air India,BLR-DEL_20261020_AI_1610,T+30,Economy,7053.6,1763.4,8817
2026-09-20,2026-10-20,2026-09-20 23:04:05,OTA_EaseMyTrip,BLR-DEL,Air India,BLR-DEL_20261020_AI_1615,T+30,Economy,18844.8,4711.2,23556
2026-09-20,2026-10-20,2026-09-20 23:04:14,OTA_GoogleFlights,BLR-DEL,Air India,BLR-DEL_20261020_AI_1630,T+30,Economy,7601.6,1900.4,9502
2026-09-20,2026-10-20,2026-09-20 23:04:05,OTA_EaseMyTrip,BLR-DEL,Air India,BLR-DEL_20261020_AI_1640,T+30,Economy,7053.6,1763.4,8817
2026-09-20,2026-10-20,2026-09-20 23:04:14,OTA_GoogleFlights,BLR-DEL,Air India,BLR-DEL_20261020_AI_1700,T+30,Economy,7999.2,1999.8,9999
2026-09-20,2026-10-20,2026-09-20 23:04:05,OTA_EaseMyTrip,BLR-DEL,Air India,BLR-DEL_20261020_AI_1715,T+30,Economy,12306.4,3076.6,15383
2026-09-20,2026-10-20,2026-09-20 23:04:14,OTA_GoogleFlights,BLR-DEL,Air India,BLR-DEL_20261020_AI_1725,T+30,Economy,7601.6,1900.4,9502
2026-09-20,2026-10-20,2026-09-20 23:04:05,OTA_EaseMyTrip,BLR-DEL,Air India,BLR-DEL_20261020_AI_1735,T+30,Economy,7924.8,1981.2,9906
2026-09-20,2026-10-20,2026-09-20 23:04:14,OTA_GoogleFlights,BLR-DEL,Air India,BLR-DEL_20261020_AI_1820,T+30,Economy,7601.6,1900.4,9502
2026-09-20,2026-10-20,2026-09-20 23:04:05,OTA_EaseMyTrip,BLR-DEL,Air India,BLR-DEL_20261020_AI_1845,T+30,Economy,6935.2,1733.8,8669
2026-09-20,2026-10-20,2026-09-20 23:04:05,OTA_EaseMyTrip,BLR-DEL,Air India,BLR-DEL_20261020_AI_1910,T+30,Economy,12213.6,3053.4,15267
2026-09-20,2026-10-20,2026-09-20 23:04:14,OTA_GoogleFlights,BLR-DEL,Air India,BLR-DEL_20261020_AI_1940,T+30,Economy,7601.6,1900.4,9502
2026-09-20,2026-10-20,2026-09-20 23:04:14,OTA_GoogleFlights,BLR-DEL,Air India,BLR-DEL_20261020_AI_2000,T+30,Economy,7727.2,1931.8,9659
2026-09-20,2026-10-20,2026-09-20 23:04:05,OTA_EaseMyTrip,BLR-DEL,Air India,BLR-DEL_20261020_AI_2100,T+30,Economy,17748.0,4437.0,22185
2026-09-20,2026-10-20,2026-09-20 23:04:05,OTA_EaseMyTrip,BLR-DEL,Air India,BLR-DEL_20261020_AI_2150,T+30,Economy,7342.4,1835.6,9178
2026-09-20,2026-10-20,2026-09-20 23:04:14,OTA_GoogleFlights,BLR-DEL,Air India,BLR-DEL_20261020_AI_2200,T+30,Economy,7601.6,1900.4,9502
2026-09-20,2026-10-20,2026-09-20 23:04:14,OTA_GoogleFlights,BLR-DEL,Air India,BLR-DEL_20261020_AI_2230,T+30,Economy,7601.6,1900.4,9502
2026-09-20,2026-10-20,2026-09-20 23:04:05,OTA_EaseMyTrip,BLR-DEL,Air India Express,BLR-DEL_20261020_IX_0115,T+30,Economy,8301.6,2075.4,10377
2026-09-20,2026-10-20,2026-09-20 23:04:05,OTA_EaseMyTrip,BLR-DEL,Air India Express,BLR-DEL_20261020_IX_0400,T+30,Economy,7342.4,1835.6,9178
2026-09-20,2026-10-20,2026-09-20 23:04:05,OTA_EaseMyTrip,BLR-DEL,Air India Express,BLR-DEL_20261020_IX_0530,T+30,Economy,12887.2,3221.8,16109
2026-09-20,2026-10-20,2026-09-20 23:04:05,OTA_EaseMyTrip,BLR-DEL,Air India Express,BLR-DEL_20261020_IX_0610,T+30,Economy,11488.0,2872.0,14360
2026-09-20,2026-10-20,2026-09-20 23:04:05,OTA_EaseMyTrip,BLR-DEL,Air India Express,BLR-DEL_20261020_IX_0635,T+30,Economy,13953.6,3488.4,17442
2026-09-20,2026-10-20,2026-09-20 23:04:05,OTA_EaseMyTrip,BLR-DEL,Air India Express,BLR-DEL_20261020_IX_0640,T+30,Economy,7924.8,1981.2,9906
2026-09-20,2026-10-20,2026-09-20 23:04:05,OTA_EaseMyTrip,BLR-DEL,Air India Express,BLR-DEL_20261020_IX_0705,T+30,Economy,17584.8,4396.2,21981
2026-09-20,2026-10-20,2026-09-20 23:04:05,OTA_EaseMyTrip,BLR-DEL,Air India Express,BLR-DEL_20261020_IX_0840,T+30,Economy,12887.2,3221.8,16109
2026-09-20,2026-10-20,2026-09-20 23:04:05,OTA_EaseMyTrip,BLR-DEL,Air India Express,BLR-DEL_20261020_IX_0920,T+30,Economy,14331.2,3582.8,17914
2026-09-20,2026-10-20,2026-09-20 23:04:05,OTA_EaseMyTrip,BLR-DEL,Air India Express,BLR-DEL_20261020_IX_1020,T+30,Economy,15037.6,3759.4,18797
2026-09-20,2026-10-20,2026-09-20 23:04:05,OTA_EaseMyTrip,BLR-DEL,Air India Express,BLR-DEL_20261020_IX_1055,T+30,Economy,18136.0,4534.0,22670
2026-09-20,2026-10-20,2026-09-20 23:04:05,OTA_EaseMyTrip,BLR-DEL,Air India Express,BLR-DEL_20261020_IX_1200,T+30,Economy,10726.4,2681.6,13408
2026-09-20,2026-10-20,2026-09-20 23:04:05,OTA_EaseMyTrip,BLR-DEL,Air India Express,BLR-DEL_20261020_IX_1245,T+30,Economy,8133.6,2033.4,10167
2026-09-20,2026-10-20,2026-09-20 23:04:05,OTA_EaseMyTrip,BLR-DEL,Air India Express,BLR-DEL_20261020_IX_1500,T+30,Economy,19246.4,4811.6,24058
2026-09-20,2026-10-20,2026-09-20 23:04:05,OTA_EaseMyTrip,BLR-DEL,Air India Express,BLR-DEL_20261020_IX_1525,T+30,Economy,10663.2,2665.8,13329
2026-09-20,2026-10-20,2026-09-20 23:04:05,OTA_EaseMyTrip,BLR-DEL,Air India Express,BLR-DEL_20261020_IX_1610,T+30,Economy,7053.6,1763.4,8817
2026-09-20,2026-10-20,2026-09-20 23:04:05,OTA_EaseMyTrip,BLR-DEL,Air India Express,BLR-DEL_20261020_IX_1615,T+30,Economy,18844.8,4711.2,23556
2026-09-20,2026-10-20,2026-09-20 23:04:05,OTA_EaseMyTrip,BLR-DEL,Air India Express,BLR-DEL_20261020_IX_1640,T+30,Economy,7053.6,1763.4,8817
2026-09-20,2026-10-20,2026-09-20 23:04:14,OTA_GoogleFlights,BLR-DEL,Air India Express,BLR-DEL_20261020_IX_1700,T+30,Economy,7999.2,1999.8,9999
2026-09-20,2026-10-20,2026-09-20 23:04:05,OTA_EaseMyTrip,BLR-DEL,Air India Express,BLR-DEL_20261020_IX_1735,T+30,Economy,7924.8,1981.2,9906
2026-09-20,2026-10-20,2026-09-20 23:04:05,OTA_EaseMyTrip,BLR-DEL,Air India Express,BLR-DEL_20261020_IX_1845,T+30,Economy,6935.2,1733.8,8669
2026-09-20,2026-10-20,2026-09-20 23:04:05,OTA_EaseMyTrip,BLR-DEL,Air India Express,BLR-DEL_20261020_IX_2100,T+30,Economy,17748.0,4437.0,22185
2026-09-20,2026-10-20,2026-09-20 23:04:05,OTA_EaseMyTrip,BLR-DEL,Air India Express,BLR-DEL_20261020_IX_2150,T+30,Economy,7342.4,1835.6,9178
2026-09-20,2026-10-20,2026-09-20 23:04:14,OTA_GoogleFlights,BLR-DEL,Akasa Air,BLR-DEL_20261020_QP_0115,T+30,Economy,8409.6,2102.4,10512
2026-09-20,2026-10-20,2026-09-20 23:04:14,OTA_GoogleFlights,BLR-DEL,Akasa Air,BLR-DEL_20261020_QP_0500,T+30,Economy,7439.2,1859.8,9299
2026-09-20,2026-10-20,2026-09-20 23:04:14,OTA_GoogleFlights,BLR-DEL,Akasa Air,BLR-DEL_20261020_QP_0605,T+30,Economy,7838.4,1959.6,9798
2026-09-20,2026-10-20,2026-09-20 23:04:14,OTA_GoogleFlights,BLR-DEL,Akasa Air,BLR-DEL_20261020_QP_1045,T+30,Economy,7838.4,1959.6,9798
2026-09-20,2026-10-20,2026-09-20 23:04:05,OTA_EaseMyTrip,BLR-DEL,SpiceJet,BLR-DEL_20261020_SG_0605,T+30,Economy,7614.4,1903.6,9518
2026-09-20,2026-10-20,2026-09-20 23:04:05,OTA_EaseMyTrip,BLR-DEL,SpiceJet,BLR-DEL_20261020_SG_0610,T+30,Economy,10070.4,2517.6,12588
2026-09-20,2026-10-20,2026-09-20 23:04:05,OTA_EaseMyTrip,BLR-DEL,SpiceJet,BLR-DEL_20261020_SG_1045,T+30,Economy,7614.4,1903.6,9518
2026-09-20,2026-10-20,2026-09-20 23:04:05,OTA_EaseMyTrip,BLR-DEL,SpiceJet,BLR-DEL_20261020_SG_1400,T+30,Economy,17225.6,4306.4,21532
2026-09-20,2026-10-20,2026-09-20 23:04:14,OTA_GoogleFlights,BLR-DEL,SpiceJet,BLR-DEL_20261020_SG_2000,T+30,Economy,7814.4,1953.6,9768
2026-09-20,2026-10-20,2026-09-20 23:04:05,OTA_EaseMyTrip,BLR-DEL,SpiceJet,BLR-DEL_20261020_SG_2200,T+30,Economy,10070.4,2517.6,12588
2026-09-20,2026-10-20,2026-09-20 23:04:05,OTA_EaseMyTrip,BLR-DEL,SpiceJet,BLR-DEL_20261020_SG_2320,T+30,Economy,10361.6,2590.4,12952
2026-09-20,2026-10-20,2026-09-20 22:58:55,OTA_GoogleFlights,BOM-DEL,IndiGo,BOM-DEL_20261020_6E_0130,T+30,Economy,5240.0,1310.0,6550
2026-09-20,2026-10-20,2026-09-20 22:58:45,OTA_EaseMyTrip,BOM-DEL,IndiGo,BOM-DEL_20261020_6E_0245,T+30,Economy,5596.8,1399.2,6996
2026-09-20,2026-10-20,2026-09-20 22:58:45,OTA_EaseMyTrip,BOM-DEL,IndiGo,BOM-DEL_20261020_6E_0300,T+30,Economy,5640.8,1410.2,7051
2026-09-20,2026-10-20,2026-09-20 22:58:55,OTA_GoogleFlights,BOM-DEL,IndiGo,BOM-DEL_20261020_6E_0400,T+30,Economy,5240.0,1310.0,6550
2026-09-20,2026-10-20,2026-09-20 22:58:45,OTA_EaseMyTrip,BOM-DEL,IndiGo,BOM-DEL_20261020_6E_0430,T+30,Economy,5492.0,1373.0,6865
2026-09-20,2026-10-20,2026-09-20 22:58:55,OTA_GoogleFlights,BOM-DEL,IndiGo,BOM-DEL_20261020_6E_0500,T+30,Economy,5556.8,1389.2,6946
2026-09-20,2026-10-20,2026-09-20 22:58:55,OTA_GoogleFlights,BOM-DEL,IndiGo,BOM-DEL_20261020_6E_0545,T+30,Economy,5240.0,1310.0,6550
2026-09-20,2026-10-20,2026-09-20 22:58:45,OTA_EaseMyTrip,BOM-DEL,IndiGo,BOM-DEL_20261020_6E_0600,T+30,Economy,5640.8,1410.2,7051
2026-09-20,2026-10-20,2026-09-20 22:58:55,OTA_GoogleFlights,BOM-DEL,IndiGo,BOM-DEL_20261020_6E_0610,T+30,Economy,5240.0,1310.0,6550
2026-09-20,2026-10-20,2026-09-20 22:58:45,OTA_EaseMyTrip,BOM-DEL,IndiGo,BOM-DEL_20261020_6E_0625,T+30,Economy,5640.8,1410.2,7051
2026-09-20,2026-10-20,2026-09-20 22:58:55,OTA_GoogleFlights,BOM-DEL,IndiGo,BOM-DEL_20261020_6E_0630,T+30,Economy,5556.8,1389.2,6946
2026-09-20,2026-10-20,2026-09-20 22:58:45,OTA_EaseMyTrip,BOM-DEL,IndiGo,BOM-DEL_20261020_6E_0640,T+30,Economy,5896.8,1474.2,7371
2026-09-20,2026-10-20,2026-09-20 22:58:45,OTA_EaseMyTrip,BOM-DEL,IndiGo,BOM-DEL_20261020_6E_0700,T+30,Economy,6000.8,1500.2,7501
2026-09-20,2026-10-20,2026-09-20 22:58:45,OTA_EaseMyTrip,BOM-DEL,IndiGo,BOM-DEL_20261020_6E_0705,T+30,Economy,5500.8,1375.2,6876
2026-09-20,2026-10-20,2026-09-20 22:58:45,OTA_EaseMyTrip,BOM-DEL,IndiGo,BOM-DEL_20261020_6E_0715,T+30,Economy,5596.8,1399.2,6996
2026-09-20,2026-10-20,2026-09-20 22:58:45,OTA_EaseMyTrip,BOM-DEL,IndiGo,BOM-DEL_20261020_6E_0750,T+30,Economy,8827.2,2206.8,11034
2026-09-20,2026-10-20,2026-09-20 22:58:55,OTA_GoogleFlights,BOM-DEL,IndiGo,BOM-DEL_20261020_6E_0800,T+30,Economy,5916.8,1479.2,7396
2026-09-20,2026-10-20,2026-09-20 22:58:45,OTA_EaseMyTrip,BOM-DEL,IndiGo,BOM-DEL_20261020_6E_0840,T+30,Economy,9507.2,2376.8,11884
2026-09-20,2026-10-20,2026-09-20 22:58:55,OTA_GoogleFlights,BOM-DEL,IndiGo,BOM-DEL_20261020_6E_0850,T+30,Economy,5240.0,1310.0,6550
2026-09-20,2026-10-20,2026-09-20 22:58:55,OTA_GoogleFlights,BOM-DEL,IndiGo,BOM-DEL_20261020_6E_0900,T+30,Economy,5556.8,1389.2,6946
2026-09-20,2026-10-20,2026-09-20 22:58:45,OTA_EaseMyTrip,BOM-DEL,IndiGo,BOM-DEL_20261020_6E_0915,T+30,Economy,10381.6,2595.4,12977
2026-09-20,2026-10-20,2026-09-20 22:58:45,OTA_EaseMyTrip,BOM-DEL,IndiGo,BOM-DEL_20261020_6E_0920,T+30,Economy,4892.0,1223.0,6115
2026-09-20,2026-10-20,2026-09-20 22:58:55,OTA_GoogleFlights,BOM-DEL,IndiGo,BOM-DEL_20261020_6E_1000,T+30,Economy,5556.8,1389.2,6946
2026-09-20,2026-10-20,2026-09-20 22:58:45,OTA_EaseMyTrip,BOM-DEL,IndiGo,BOM-DEL_20261020_6E_1015,T+30,Economy,6016.8,1504.2,7521
2026-09-20,2026-10-20,2026-09-20 22:58:45,OTA_EaseMyTrip,BOM-DEL,IndiGo,BOM-DEL_20261020_6E_1025,T+30,Economy,5428.8,1357.2,6786
2026-09-20,2026-10-20,2026-09-20 22:58:55,OTA_GoogleFlights,BOM-DEL,IndiGo,BOM-DEL_20261020_6E_1035,T+30,Economy,5556.8,1389.2,6946
2026-09-20,2026-10-20,2026-09-20 22:58:55,OTA_GoogleFlights,BOM-DEL,IndiGo,BOM-DEL_20261020_6E_1130,T+30,Economy,5556.8,1389.2,6946
2026-09-20,2026-10-20,2026-09-20 22:58:45,OTA_EaseMyTrip,BOM-DEL,IndiGo,BOM-DEL_20261020_6E_1140,T+30,Economy,8827.2,2206.8,11034
2026-09-20,2026-10-20,2026-09-20 22:58:55,OTA_GoogleFlights,BOM-DEL,IndiGo,BOM-DEL_20261020_6E_1215,T+30,Economy,5556.8,1389.2,6946
2026-09-20,2026-10-20,2026-09-20 22:58:45,OTA_EaseMyTrip,BOM-DEL,IndiGo,BOM-DEL_20261020_6E_1240,T+30,Economy,11528.0,2882.0,14410
2026-09-20,2026-10-20,2026-09-20 22:58:45,OTA_EaseMyTrip,BOM-DEL,IndiGo,BOM-DEL_20261020_6E_1300,T+30,Economy,5760.8,1440.2,7201
2026-09-20,2026-10-20,2026-09-20 22:58:55,OTA_GoogleFlights,BOM-DEL,IndiGo,BOM-DEL_20261020_6E_1400,T+30,Economy,5556.8,1389.2,6946
2026-09-20,2026-10-20,2026-09-20 22:58:45,OTA_EaseMyTrip,BOM-DEL,IndiGo,BOM-DEL_20261020_6E_1440,T+30,Economy,10108.0,2527.0,12635
2026-09-20,2026-10-20,2026-09-20 22:58:55,OTA_GoogleFlights,BOM-DEL,IndiGo,BOM-DEL_20261020_6E_1445,T+30,Economy,5916.8,1479.2,7396
2026-09-20,2026-10-20,2026-09-20 22:58:55,OTA_GoogleFlights,BOM-DEL,IndiGo,BOM-DEL_20261020_6E_1500,T+30,Economy,5556.8,1389.2,6946
2026-09-20,2026-10-20,2026-09-20 22:58:45,OTA_EaseMyTrip,BOM-DEL,IndiGo,BOM-DEL_20261020_6E_1510,T+30,Economy,5596.8,1399.2,6996
2026-09-20,2026-10-20,2026-09-20 22:58:45,OTA_EaseMyTrip,BOM-DEL,IndiGo,BOM-DEL_20261020_6E_1545,T+30,Economy,5428.8,1357.2,6786
2026-09-20,2026-10-20,2026-09-20 22:58:45,OTA_EaseMyTrip,BOM-DEL,IndiGo,BOM-DEL_20261020_6E_1550,T+30,Economy,6032.0,1508.0,7540
2026-09-20,2026-10-20,2026-09-20 22:58:55,OTA_GoogleFlights,BOM-DEL,IndiGo,BOM-DEL_20261020_6E_1600,T+30,Economy,5556.8,1389.2,6946
2026-09-20,2026-10-20,2026-09-20 22:58:45,OTA_EaseMyTrip,BOM-DEL,IndiGo,BOM-DEL_20261020_6E_1620,T+30,Economy,5500.8,1375.2,6876
2026-09-20,2026-10-20,2026-09-20 22:58:45,OTA_EaseMyTrip,BOM-DEL,IndiGo,BOM-DEL_20261020_6E_1640,T+30,Economy,7604.0,1901.0,9505
2026-09-20,2026-10-20,2026-09-20 22:58:55,OTA_GoogleFlights,BOM-DEL,IndiGo,BOM-DEL_20261020_6E_1645,T+30,Economy,5556.8,1389.2,6946
2026-09-20,2026-10-20,2026-09-20 22:58:45,OTA_EaseMyTrip,BOM-DEL,IndiGo,BOM-DEL_20261020_6E_1650,T+30,Economy,5428.8,1357.2,6786
2026-09-20,2026-10-20,2026-09-20 22:58:45,OTA_EaseMyTrip,BOM-DEL,IndiGo,BOM-DEL_20261020_6E_1655,T+30,Economy,5428.8,1357.2,6786
2026-09-20,2026-10-20,2026-09-20 22:58:55,OTA_GoogleFlights,BOM-DEL,IndiGo,BOM-DEL_20261020_6E_1720,T+30,Economy,5556.8,1389.2,6946
2026-09-20,2026-10-20,2026-09-20 22:58:45,OTA_EaseMyTrip,BOM-DEL,IndiGo,BOM-DEL_20261020_6E_1735,T+30,Economy,5428.8,1357.2,6786
2026-09-20,2026-10-20,2026-09-20 22:58:55,OTA_GoogleFlights,BOM-DEL,IndiGo,BOM-DEL_20261020_6E_1800,T+30,Economy,5916.8,1479.2,7396
2026-09-20,2026-10-20,2026-09-20 22:58:45,OTA_EaseMyTrip,BOM-DEL,IndiGo,BOM-DEL_20261020_6E_1815,T+30,Economy,6000.8,1500.2,7501
2026-09-20,2026-10-20,2026-09-20 22:58:45,OTA_EaseMyTrip,BOM-DEL,IndiGo,BOM-DEL_20261020_6E_1825,T+30,Economy,6822.4,1705.6,8528
2026-09-20,2026-10-20,2026-09-20 22:58:45,OTA_EaseMyTrip,BOM-DEL,IndiGo,BOM-DEL_20261020_6E_1835,T+30,Economy,5428.8,1357.2,6786
2026-09-20,2026-10-20,2026-09-20 22:58:55,OTA_GoogleFlights,BOM-DEL,IndiGo,BOM-DEL_20261020_6E_1840,T+30,Economy,5240.0,1310.0,6550
2026-09-20,2026-10-20,2026-09-20 22:58:55,OTA_GoogleFlights,BOM-DEL,IndiGo,BOM-DEL_20261020_6E_1900,T+30,Economy,5916.8,1479.2,7396
2026-09-20,2026-10-20,2026-09-20 22:58:45,OTA_EaseMyTrip,BOM-DEL,IndiGo,BOM-DEL_20261020_6E_1910,T+30,Economy,6879.2,1719.8,8599
2026-09-20,2026-10-20,2026-09-20 22:58:45,OTA_EaseMyTrip,BOM-DEL,IndiGo,BOM-DEL_20261020_6E_1920,T+30,Economy,5492.0,1373.0,6865
2026-09-20,2026-10-20,2026-09-20 22:58:55,OTA_GoogleFlights,BOM-DEL,IndiGo,BOM-DEL_20261020_6E_1930,T+30,Economy,5916.8,1479.2,7396
2026-09-20,2026-10-20,2026-09-20 22:58:45,OTA_EaseMyTrip,BOM-DEL,IndiGo,BOM-DEL_20261020_6E_1935,T+30,Economy,11171.2,2792.8,13964
2026-09-20,2026-10-20,2026-09-20 22:58:45,OTA_EaseMyTrip,BOM-DEL,IndiGo,BOM-DEL_20261020_6E_1945,T+30,Economy,6000.8,1500.2,7501
2026-09-20,2026-10-20,2026-09-20 22:58:45,OTA_EaseMyTrip,BOM-DEL,IndiGo,BOM-DEL_20261020_6E_2000,T+30,Economy,5848.8,1462.2,7311
2026-09-20,2026-10-20,2026-09-20 22:58:55,OTA_GoogleFlights,BOM-DEL,IndiGo,BOM-DEL_20261020_6E_2020,T+30,Economy,5916.8,1479.2,7396
2026-09-20,2026-10-20,2026-09-20 22:58:45,OTA_EaseMyTrip,BOM-DEL,IndiGo,BOM-DEL_20261020_6E_2110,T+30,Economy,5596.8,1399.2,6996
2026-09-20,2026-10-20,2026-09-20 22:58:55,OTA_GoogleFlights,BOM-DEL,IndiGo,BOM-DEL_20261020_6E_2115,T+30,Economy,5556.8,1389.2,6946
2026-09-20,2026-10-20,2026-09-20 22:58:45,OTA_EaseMyTrip,BOM-DEL,IndiGo,BOM-DEL_20261020_6E_2130,T+30,Economy,5500.8,1375.2,6876
2026-09-20,2026-10-20,2026-09-20 22:58:55,OTA_GoogleFlights,BOM-DEL,IndiGo,BOM-DEL_20261020_6E_2215,T+30,Economy,5556.8,1389.2,6946
2026-09-20,2026-10-20,2026-09-20 22:58:45,OTA_EaseMyTrip,BOM-DEL,IndiGo,BOM-DEL_20261020_6E_2300,T+30,Economy,11466.4,2866.6,14333
2026-09-20,2026-10-20,2026-09-20 22:58:45,OTA_EaseMyTrip,BOM-DEL,IndiGo,BOM-DEL_20261020_6E_2320,T+30,Economy,5504.0,1376.0,6880
2026-09-20,2026-10-20,2026-09-20 22:58:55,OTA_GoogleFlights,BOM-DEL,IndiGo,BOM-DEL_20261020_6E_2345,T+30,Economy,5556.8,1389.2,6946
2026-09-20,2026-10-20,2026-09-20 22:58:55,OTA_GoogleFlights,BOM-DEL,IndiGo,BOM-DEL_20261020_6E_2355,T+30,Economy,5556.8,1389.2,6946
2026-09-20,2026-10-20,2026-09-20 22:58:55,OTA_GoogleFlights,BOM-DEL,Air India,BOM-DEL_20261020_AI_0100,T+30,Economy,5556.0,1389.0,6945
2026-09-20,2026-10-20,2026-09-20 22:58:45,OTA_EaseMyTrip,BOM-DEL,Air India,BOM-DEL_20261020_AI_0505,T+30,Economy,13589.6,3397.4,16987
2026-09-20,2026-10-20,2026-09-20 22:58:45,OTA_EaseMyTrip,BOM-DEL,Air India,BOM-DEL_20261020_AI_0545,T+30,Economy,6100.8,1525.2,7626
2026-09-20,2026-10-20,2026-09-20 22:58:45,OTA_EaseMyTrip,BOM-DEL,Air India,BOM-DEL_20261020_AI_0555,T+30,Economy,12324.0,3081.0,15405
2026-09-20,2026-10-20,2026-09-20 22:58:45,OTA_EaseMyTrip,BOM-DEL,Air India,BOM-DEL_20261020_AI_0600,T+30,Economy,15663.2,3915.8,19579
2026-09-20,2026-10-20,2026-09-20 22:58:45,OTA_EaseMyTrip,BOM-DEL,Air India,BOM-DEL_20261020_AI_0620,T+30,Economy,10643.2,2660.8,13304
2026-09-20,2026-10-20,2026-09-20 22:58:55,OTA_GoogleFlights,BOM-DEL,Air India,BOM-DEL_20261020_AI_0630,T+30,Economy,5556.0,1389.0,6945
2026-09-20,2026-10-20,2026-09-20 22:58:45,OTA_EaseMyTrip,BOM-DEL,Air India,BOM-DEL_20261020_AI_0640,T+30,Economy,11615.2,2903.8,14519
2026-09-20,2026-10-20,2026-09-20 22:58:55,OTA_GoogleFlights,BOM-DEL,Air India,BOM-DEL_20261020_AI_0700,T+30,Economy,6084.8,1521.2,7606
2026-09-20,2026-10-20,2026-09-20 22:58:45,OTA_EaseMyTrip,BOM-DEL,Air India,BOM-DEL_20261020_AI_0730,T+30,Economy,6100.8,1525.2,7626
2026-09-20,2026-10-20,2026-09-20 22:58:45,OTA_EaseMyTrip,BOM-DEL,Air India,BOM-DEL_20261020_AI_0740,T+30,Economy,13450.4,3362.6,16813
2026-09-20,2026-10-20,2026-09-20 22:58:55,OTA_GoogleFlights,BOM-DEL,Air India,BOM-DEL_20261020_AI_0800,T+30,Economy,5916.8,1479.2,7396
2026-09-20,2026-10-20,2026-09-20 22:58:45,OTA_EaseMyTrip,BOM-DEL,Air India,BOM-DEL_20261020_AI_0810,T+30,Economy,6921.6,1730.4,8652
2026-09-20,2026-10-20,2026-09-20 22:58:45,OTA_EaseMyTrip,BOM-DEL,Air India,BOM-DEL_20261020_AI_0840,T+30,Economy,10808.8,2702.2,13511
2026-09-20,2026-10-20,2026-09-20 22:58:45,OTA_EaseMyTrip,BOM-DEL,Air India,BOM-DEL_20261020_AI_0905,T+30,Economy,7254.4,1813.6,9068
2026-09-20,2026-10-20,2026-09-20 22:58:55,OTA_GoogleFlights,BOM-DEL,Air India,BOM-DEL_20261020_AI_0930,T+30,Economy,5694.4,1423.6,7118
2026-09-20,2026-10-20,2026-09-20 22:58:55,OTA_GoogleFlights,BOM-DEL,Air India,BOM-DEL_20261020_AI_1000,T+30,Economy,5694.4,1423.6,7118
2026-09-20,2026-10-20,2026-09-20 22:58:45,OTA_EaseMyTrip,BOM-DEL,Air India,BOM-DEL_20261020_AI_1035,T+30,Economy,16008.0,4002.0,20010
2026-09-20,2026-10-20,2026-09-20 22:58:45,OTA_EaseMyTrip,BOM-DEL,Air India,BOM-DEL_20261020_AI_1050,T+30,Economy,15494.4,3873.6,19368
2026-09-20,2026-10-20,2026-09-20 22:58:45,OTA_EaseMyTrip,BOM-DEL,Air India,BOM-DEL_20261020_AI_1115,T+30,Economy,9496.8,2374.2,11871
2026-09-20,2026-10-20,2026-09-20 22:58:45,OTA_EaseMyTrip,BOM-DEL,Air India,BOM-DEL_20261020_AI_1120,T+30,Economy,19483.2,4870.8,24354
2026-09-20,2026-10-20,2026-09-20 22:58:55,OTA_GoogleFlights,BOM-DEL,Air India,BOM-DEL_20261020_AI_1125,T+30,Economy,5556.0,1389.0,6945
2026-09-20,2026-10-20,2026-09-20 22:58:55,OTA_GoogleFlights,BOM-DEL,Air India,BOM-DEL_20261020_AI_1200,T+30,Economy,5556.0,1389.0,6945
2026-09-20,2026-10-20,2026-09-20 22:58:45,OTA_EaseMyTrip,BOM-DEL,Air India,BOM-DEL_20261020_AI_1225,T+30,Economy,12842.4,3210.6,16053
2026-09-20,2026-10-20,2026-09-20 22:58:45,OTA_EaseMyTrip,BOM-DEL,Air India,BOM-DEL_20261020_AI_1255,T+30,Economy,11334.4,2833.6,14168
2026-09-20,2026-10-20,2026-09-20 22:58:55,OTA_GoogleFlights,BOM-DEL,Air India,BOM-DEL_20261020_AI_1300,T+30,Economy,5694.4,1423.6,7118
2026-09-20,2026-10-20,2026-09-20 22:58:45,OTA_EaseMyTrip,BOM-DEL,Air India,BOM-DEL_20261020_AI_1310,T+30,Economy,4995.2,1248.8,6244
2026-09-20,2026-10-20,2026-09-20 22:58:45,OTA_EaseMyTrip,BOM-DEL,Air India,BOM-DEL_20261020_AI_1350,T+30,Economy,13263.2,3315.8,16579
2026-09-20,2026-10-20,2026-09-20 22:58:55,OTA_GoogleFlights,BOM-DEL,Air India,BOM-DEL_20261020_AI_1435,T+30,Economy,5556.0,1389.0,6945
2026-09-20,2026-10-20,2026-09-20 22:58:45,OTA_EaseMyTrip,BOM-DEL,Air India,BOM-DEL_20261020_AI_1445,T+30,Economy,5760.0,1440.0,7200
2026-09-20,2026-10-20,2026-09-20 22:58:55,OTA_GoogleFlights,BOM-DEL,Air India,BOM-DEL_20261020_AI_1500,T+30,Economy,5556.0,1389.0,6945
2026-09-20,2026-10-20,2026-09-20 22:58:45,OTA_EaseMyTrip,BOM-DEL,Air India,BOM-DEL_20261020_AI_1505,T+30,Economy,15663.2,3915.8,19579
2026-09-20,2026-10-20,2026-09-20 22:58:45,OTA_EaseMyTrip,BOM-DEL,Air India,BOM-DEL_20261020_AI_1520,T+30,Economy,8526.4,2131.6,10658
2026-09-20,2026-10-20,2026-09-20 22:58:45,OTA_EaseMyTrip,BOM-DEL,Air India,BOM-DEL_20261020_AI_1525,T+30,Economy,16379.2,4094.8,20474
2026-09-20,2026-10-20,2026-09-20 22:58:55,OTA_GoogleFlights,BOM-DEL,Air India,BOM-DEL_20261020_AI_1530,T+30,Economy,5556.0,1389.0,6945
2026-09-20,2026-10-20,2026-09-20 22:58:55,OTA_GoogleFlights,BOM-DEL,Air India,BOM-DEL_20261020_AI_1630,T+30,Economy,5556.0,1389.0,6945
2026-09-20,2026-10-20,2026-09-20 22:58:45,OTA_EaseMyTrip,BOM-DEL,Air India,BOM-DEL_20261020_AI_1645,T+30,Economy,5544.0,1386.0,6930
2026-09-20,2026-10-20,2026-09-20 22:58:55,OTA_GoogleFlights,BOM-DEL,Air India,BOM-DEL_20261020_AI_1700,T+30,Economy,5834.4,1458.6,7293
2026-09-20,2026-10-20,2026-09-20 22:58:55,OTA_GoogleFlights,BOM-DEL,Air India,BOM-DEL_20261020_AI_1730,T+30,Economy,5694.4,1423.6,7118
2026-09-20,2026-10-20,2026-09-20 22:58:45,OTA_EaseMyTrip,BOM-DEL,Air India,BOM-DEL_20261020_AI_1735,T+30,Economy,7254.4,1813.6,9068
2026-09-20,2026-10-20,2026-09-20 22:58:55,OTA_GoogleFlights,BOM-DEL,Air India,BOM-DEL_20261020_AI_1800,T+30,Economy,5916.8,1479.2,7396
2026-09-20,2026-10-20,2026-09-20 22:58:45,OTA_EaseMyTrip,BOM-DEL,Air India,BOM-DEL_20261020_AI_1825,T+30,Economy,11334.4,2833.6,14168
2026-09-20,2026-10-20,2026-09-20 22:58:55,OTA_GoogleFlights,BOM-DEL,Air India,BOM-DEL_20261020_AI_1830,T+30,Economy,6261.6,1565.4,7827
2026-09-20,2026-10-20,2026-09-20 22:58:55,OTA_GoogleFlights,BOM-DEL,Air India,BOM-DEL_20261020_AI_1840,T+30,Economy,5384.0,1346.0,6730
2026-09-20,2026-10-20,2026-09-20 22:58:55,OTA_GoogleFlights,BOM-DEL,Air India,BOM-DEL_20261020_AI_1900,T+30,Economy,5916.8,1479.2,7396
2026-09-20,2026-10-20,2026-09-20 22:58:45,OTA_EaseMyTrip,BOM-DEL,Air India,BOM-DEL_20261020_AI_2005,T+30,Economy,8836.0,2209.0,11045
2026-09-20,2026-10-20,2026-09-20 22:58:55,OTA_GoogleFlights,BOM-DEL,Air India,BOM-DEL_20261020_AI_2020,T+30,Economy,5916.8,1479.2,7396
2026-09-20,2026-10-20,2026-09-20 22:58:45,OTA_EaseMyTrip,BOM-DEL,Air India,BOM-DEL_20261020_AI_2025,T+30,Economy,5248.0,1312.0,6560
2026-09-20,2026-10-20,2026-09-20 22:58:45,OTA_EaseMyTrip,BOM-DEL,Air India,BOM-DEL_20261020_AI_2045,T+30,Economy,7974.4,1993.6,9968
2026-09-20,2026-10-20,2026-09-20 22:58:55,OTA_GoogleFlights,BOM-DEL,Air India,BOM-DEL_20261020_AI_2100,T+30,Economy,5556.0,1389.0,6945
2026-09-20,2026-10-20,2026-09-20 22:58:55,OTA_GoogleFlights,BOM-DEL,Air India,BOM-DEL_20261020_AI_2130,T+30,Economy,5556.0,1389.0,6945
2026-09-20,2026-10-20,2026-09-20 22:58:45,OTA_EaseMyTrip,BOM-DEL,Air India,BOM-DEL_20261020_AI_2155,T+30,Economy,5248.0,1312.0,6560
2026-09-20,2026-10-20,2026-09-20 22:58:55,OTA_GoogleFlights,BOM-DEL,Air India,BOM-DEL_20261020_AI_2235,T+30,Economy,5556.0,1389.0,6945
2026-09-20,2026-10-20,2026-09-20 22:58:55,OTA_GoogleFlights,BOM-DEL,Air India,BOM-DEL_20261020_AI_2345,T+30,Economy,5616.8,1404.2,7021
2026-09-20,2026-10-20,2026-09-20 22:58:55,OTA_GoogleFlights,BOM-DEL,Air India,BOM-DEL_20261020_AI_2355,T+30,Economy,5556.0,1389.0,6945
2026-09-20,2026-10-20,2026-09-20 22:58:45,OTA_EaseMyTrip,BOM-DEL,Air India Express,BOM-DEL_20261020_IX_0505,T+30,Economy,13589.6,3397.4,16987
2026-09-20,2026-10-20,2026-09-20 22:58:45,OTA_EaseMyTrip,BOM-DEL,Air India Express,BOM-DEL_20261020_IX_0545,T+30,Economy,6100.8,1525.2,7626
2026-09-20,2026-10-20,2026-09-20 22:58:45,OTA_EaseMyTrip,BOM-DEL,Air India Express,BOM-DEL_20261020_IX_0555,T+30,Economy,12324.0,3081.0,15405
2026-09-20,2026-10-20,2026-09-20 22:58:45,OTA_EaseMyTrip,BOM-DEL,Air India Express,BOM-DEL_20261020_IX_0620,T+30,Economy,10643.2,2660.8,13304
2026-09-20,2026-10-20,2026-09-20 22:58:45,OTA_EaseMyTrip,BOM-DEL,Air India Express,BOM-DEL_20261020_IX_0730,T+30,Economy,6100.8,1525.2,7626
2026-09-20,2026-10-20,2026-09-20 22:58:45,OTA_EaseMyTrip,BOM-DEL,Air India Express,BOM-DEL_20261020_IX_0840,T+30,Economy,10808.8,2702.2,13511
2026-09-20,2026-10-20,2026-09-20 22:58:45,OTA_EaseMyTrip,BOM-DEL,Air India Express,BOM-DEL_20261020_IX_0905,T+30,Economy,7254.4,1813.6,9068
2026-09-20,2026-10-20,2026-09-20 22:58:45,OTA_EaseMyTrip,BOM-DEL,Air India Express,BOM-DEL_20261020_IX_1125,T+30,Economy,9691.2,2422.8,12114
2026-09-20,2026-10-20,2026-09-20 22:58:45,OTA_EaseMyTrip,BOM-DEL,Air India Express,BOM-DEL_20261020_IX_1225,T+30,Economy,12842.4,3210.6,16053
2026-09-20,2026-10-20,2026-09-20 22:58:45,OTA_EaseMyTrip,BOM-DEL,Air India Express,BOM-DEL_20261020_IX_1310,T+30,Economy,4995.2,1248.8,6244
2026-09-20,2026-10-20,2026-09-20 22:58:45,OTA_EaseMyTrip,BOM-DEL,Air India Express,BOM-DEL_20261020_IX_1445,T+30,Economy,5760.0,1440.0,7200
2026-09-20,2026-10-20,2026-09-20 22:58:45,OTA_EaseMyTrip,BOM-DEL,Air India Express,BOM-DEL_20261020_IX_1520,T+30,Economy,8526.4,2131.6,10658
2026-09-20,2026-10-20,2026-09-20 22:58:45,OTA_EaseMyTrip,BOM-DEL,Air India Express,BOM-DEL_20261020_IX_1645,T+30,Economy,5544.0,1386.0,6930
2026-09-20,2026-10-20,2026-09-20 22:58:55,OTA_GoogleFlights,BOM-DEL,Air India Express,BOM-DEL_20261020_IX_1700,T+30,Economy,5834.4,1458.6,7293
2026-09-20,2026-10-20,2026-09-20 22:58:45,OTA_EaseMyTrip,BOM-DEL,Air India Express,BOM-DEL_20261020_IX_1735,T+30,Economy,7254.4,1813.6,9068
2026-09-20,2026-10-20,2026-09-20 22:58:55,OTA_GoogleFlights,BOM-DEL,Air India Express,BOM-DEL_20261020_IX_1840,T+30,Economy,5384.0,1346.0,6730
2026-09-20,2026-10-20,2026-09-20 22:58:45,OTA_EaseMyTrip,BOM-DEL,Air India Express,BOM-DEL_20261020_IX_2025,T+30,Economy,5248.0,1312.0,6560
2026-09-20,2026-10-20,2026-09-20 22:58:45,OTA_EaseMyTrip,BOM-DEL,Air India Express,BOM-DEL_20261020_IX_2045,T+30,Economy,7974.4,1993.6,9968
2026-09-20,2026-10-20,2026-09-20 22:58:45,OTA_EaseMyTrip,BOM-DEL,Air India Express,BOM-DEL_20261020_IX_2155,T+30,Economy,5248.0,1312.0,6560
2026-09-20,2026-10-20,2026-09-20 22:58:55,OTA_GoogleFlights,BOM-DEL,Air India Express,BOM-DEL_20261020_IX_2345,T+30,Economy,5616.8,1404.2,7021
2026-09-20,2026-10-20,2026-09-20 22:58:55,OTA_GoogleFlights,BOM-DEL,Akasa Air,BOM-DEL_20261020_QP_0150,T+30,Economy,5786.4,1446.6,7233
2026-09-20,2026-10-20,2026-09-20 22:58:55,OTA_GoogleFlights,BOM-DEL,Akasa Air,BOM-DEL_20261020_QP_0600,T+30,Economy,5786.4,1446.6,7233
2026-09-20,2026-10-20,2026-09-20 22:58:55,OTA_GoogleFlights,BOM-DEL,Akasa Air,BOM-DEL_20261020_QP_0700,T+30,Economy,6198.4,1549.6,7748
2026-09-20,2026-10-20,2026-09-20 22:58:55,OTA_GoogleFlights,BOM-DEL,Akasa Air,BOM-DEL_20261020_QP_1300,T+30,Economy,6092.0,1523.0,7615
2026-09-20,2026-10-20,2026-09-20 22:58:55,OTA_GoogleFlights,BOM-DEL,Akasa Air,BOM-DEL_20261020_QP_1700,T+30,Economy,5786.4,1446.6,7233
2026-09-20,2026-10-20,2026-09-20 22:58:55,OTA_GoogleFlights,BOM-DEL,Akasa Air,BOM-DEL_20261020_QP_2030,T+30,Economy,5988.0,1497.0,7485
2026-09-20,2026-10-20,2026-09-20 22:58:55,OTA_GoogleFlights,BOM-DEL,Akasa Air,BOM-DEL_20261020_QP_2325,T+30,Economy,6092.0,1523.0,7615
2026-09-20,2026-10-20,2026-09-20 22:58:45,OTA_EaseMyTrip,BOM-DEL,SpiceJet,BOM-DEL_20261020_SG_0150,T+30,Economy,5248.0,1312.0,6560
2026-09-20,2026-10-20,2026-09-20 22:58:55,OTA_GoogleFlights,BOM-DEL,SpiceJet,BOM-DEL_20261020_SG_1730,T+30,Economy,5737.6,1434.4,7172
2026-09-20,2026-10-20,2026-09-20 22:58:45,OTA_EaseMyTrip,BOM-DEL,SpiceJet,BOM-DEL_20261020_SG_1800,T+30,Economy,5537.6,1384.4,6922
2026-09-20,2026-10-20,2026-09-20 22:58:55,OTA_GoogleFlights,BOM-DEL,SpiceJet,BOM-DEL_20261020_SG_2000,T+30,Economy,6087.2,1521.8,7609
2026-09-20,2026-10-20,2026-09-20 22:58:45,OTA_EaseMyTrip,BOM-DEL,SpiceJet,BOM-DEL_20261020_SG_2325,T+30,Economy,5537.6,1384.4,6922
2026-09-20,2026-09-21,2026-09-20 22:59:26,OTA_EaseMyTrip,DEL-BLR,IndiGo,DEL-BLR_20260921_6E_0225,T+1,Economy,16307.2,4076.8,20384
2026-09-20,2026-09-21,2026-09-20 22:59:26,OTA_EaseMyTrip,DEL-BLR,IndiGo,DEL-BLR_20260921_6E_0450,T+1,Economy,23393.6,5848.4,29242
2026-09-20,2026-09-21,2026-09-20 22:59:26,OTA_EaseMyTrip,DEL-BLR,IndiGo,DEL-BLR_20260921_6E_0500,T+1,Economy,9016.8,2254.2,11271
2026-09-20,2026-09-21,2026-09-20 22:59:26,OTA_EaseMyTrip,DEL-BLR,IndiGo,DEL-BLR_20260921_6E_0510,T+1,Economy,17751.2,4437.8,22189
2026-09-20,2026-09-21,2026-09-20 22:59:35,OTA_GoogleFlights,DEL-BLR,IndiGo,DEL-BLR_20260921_6E_0545,T+1,Economy,13971.2,3492.8,17464
2026-09-20,2026-09-21,2026-09-20 22:59:26,OTA_EaseMyTrip,DEL-BLR,IndiGo,DEL-BLR_20260921_6E_0550,T+1,Economy,7859.2,1964.8,9824
2026-09-20,2026-09-21,2026-09-20 22:59:26,OTA_EaseMyTrip,DEL-BLR,IndiGo,DEL-BLR_20260921_6E_0615,T+1,Economy,9008.0,2252.0,11260
2026-09-20,2026-09-21,2026-09-20 22:59:26,OTA_EaseMyTrip,DEL-BLR,IndiGo,DEL-BLR_20260921_6E_0655,T+1,Economy,20984.0,5246.0,26230
2026-09-20,2026-09-21,2026-09-20 22:59:26,OTA_EaseMyTrip,DEL-BLR,IndiGo,DEL-BLR_20260921_6E_0705,T+1,Economy,8124.8,2031.2,10156
2026-09-20,2026-09-21,2026-09-20 22:59:35,OTA_GoogleFlights,DEL-BLR,IndiGo,DEL-BLR_20260921_6E_0820,T+1,Economy,13971.2,3492.8,17464
2026-09-20,2026-09-21,2026-09-20 22:59:26,OTA_EaseMyTrip,DEL-BLR,IndiGo,DEL-BLR_20260921_6E_0830,T+1,Economy,8397.6,2099.4,10497
2026-09-20,2026-09-21,2026-09-20 22:59:35,OTA_GoogleFlights,DEL-BLR,IndiGo,DEL-BLR_20260921_6E_0930,T+1,Economy,12509.6,3127.4,15637
2026-09-20,2026-09-21,2026-09-20 22:59:26,OTA_EaseMyTrip,DEL-BLR,IndiGo,DEL-BLR_20260921_6E_0955,T+1,Economy,17489.6,4372.4,21862
2026-09-20,2026-09-21,2026-09-20 22:59:26,OTA_EaseMyTrip,DEL-BLR,IndiGo,DEL-BLR_20260921_6E_1025,T+1,Economy,10159.2,2539.8,12699
2026-09-20,2026-09-21,2026-09-20 22:59:26,OTA_EaseMyTrip,DEL-BLR,IndiGo,DEL-BLR_20260921_6E_1045,T+1,Economy,12593.6,3148.4,15742
2026-09-20,2026-09-21,2026-09-20 22:59:26,OTA_EaseMyTrip,DEL-BLR,IndiGo,DEL-BLR_20260921_6E_1055,T+1,Economy,10864.0,2716.0,13580
2026-09-20,2026-09-21,2026-09-20 22:59:26,OTA_EaseMyTrip,DEL-BLR,IndiGo,DEL-BLR_20260921_6E_1100,T+1,Economy,1620.8,405.2,2026
2026-09-20,2026-09-21,2026-09-20 22:59:26,OTA_EaseMyTrip,DEL-BLR,IndiGo,DEL-BLR_20260921_6E_1145,T+1,Economy,7956.8,1989.2,9946
2026-09-20,2026-09-21,2026-09-20 22:59:26,OTA_EaseMyTrip,DEL-BLR,IndiGo,DEL-BLR_20260921_6E_1220,T+1,Economy,11925.6,2981.4,14907
2026-09-20,2026-09-21,2026-09-20 22:59:26,OTA_EaseMyTrip,DEL-BLR,IndiGo,DEL-BLR_20260921_6E_1250,T+1,Economy,8636.8,2159.2,10796
2026-09-20,2026-09-21,2026-09-20 22:59:35,OTA_GoogleFlights,DEL-BLR,IndiGo,DEL-BLR_20260921_6E_1300,T+1,Economy,15620.0,3905.0,19525
2026-09-20,2026-09-21,2026-09-20 22:59:26,OTA_EaseMyTrip,DEL-BLR,IndiGo,DEL-BLR_20260921_6E_1310,T+1,Economy,1620.8,405.2,2026
2026-09-20,2026-09-21,2026-09-20 22:59:26,OTA_EaseMyTrip,DEL-BLR,IndiGo,DEL-BLR_20260921_6E_1315,T+1,Economy,10706.4,2676.6,13383
2026-09-20,2026-09-21,2026-09-20 22:59:26,OTA_EaseMyTrip,DEL-BLR,IndiGo,DEL-BLR_20260921_6E_1330,T+1,Economy,7956.8,1989.2,9946
2026-09-20,2026-09-21,2026-09-20 22:59:26,OTA_EaseMyTrip,DEL-BLR,IndiGo,DEL-BLR_20260921_6E_1400,T+1,Economy,8124.8,2031.2,10156
2026-09-20,2026-09-21,2026-09-20 22:59:26,OTA_EaseMyTrip,DEL-BLR,IndiGo,DEL-BLR_20260921_6E_1410,T+1,Economy,8700.0,2175.0,10875
2026-09-20,2026-09-21,2026-09-20 22:59:26,OTA_EaseMyTrip,DEL-BLR,IndiGo,DEL-BLR_20260921_6E_1430,T+1,Economy,10149.6,2537.4,12687
2026-09-20,2026-09-21,2026-09-20 22:59:26,OTA_EaseMyTrip,DEL-BLR,IndiGo,DEL-BLR_20260921_6E_1445,T+1,Economy,7956.8,1989.2,9946
2026-09-20,2026-09-21,2026-09-20 22:59:26,OTA_EaseMyTrip,DEL-BLR,IndiGo,DEL-BLR_20260921_6E_1455,T+1,Economy,9143.2,2285.8,11429
2026-09-20,2026-09-21,2026-09-20 22:59:35,OTA_GoogleFlights,DEL-BLR,IndiGo,DEL-BLR_20260921_6E_1500,T+1,Economy,11841.6,2960.4,14802
2026-09-20,2026-09-21,2026-09-20 22:59:26,OTA_EaseMyTrip,DEL-BLR,IndiGo,DEL-BLR_20260921_6E_1505,T+1,Economy,8123.2,2030.8,10154
2026-09-20,2026-09-21,2026-09-20 22:59:26,OTA_EaseMyTrip,DEL-BLR,IndiGo,DEL-BLR_20260921_6E_1510,T+1,Economy,1620.8,405.2,2026
2026-09-20,2026-09-21,2026-09-20 22:59:26,OTA_EaseMyTrip,DEL-BLR,IndiGo,DEL-BLR_20260921_6E_1515,T+1,Economy,8297.6,2074.4,10372
2026-09-20,2026-09-21,2026-09-20 22:59:26,OTA_EaseMyTrip,DEL-BLR,IndiGo,DEL-BLR_20260921_6E_1520,T+1,Economy,8061.6,2015.4,10077
2026-09-20,2026-09-21,2026-09-20 22:59:26,OTA_EaseMyTrip,DEL-BLR,IndiGo,DEL-BLR_20260921_6E_1545,T+1,Economy,9008.0,2252.0,11260
2026-09-20,2026-09-21,2026-09-20 22:59:26,OTA_EaseMyTrip,DEL-BLR,IndiGo,DEL-BLR_20260921_6E_1550,T+1,Economy,8124.8,2031.2,10156
2026-09-20,2026-09-21,2026-09-20 22:59:26,OTA_EaseMyTrip,DEL-BLR,IndiGo,DEL-BLR_20260921_6E_1615,T+1,Economy,7956.8,1989.2,9946
2026-09-20,2026-09-21,2026-09-20 22:59:26,OTA_EaseMyTrip,DEL-BLR,IndiGo,DEL-BLR_20260921_6E_1620,T+1,Economy,8061.6,2015.4,10077
2026-09-20,2026-09-21,2026-09-20 22:59:35,OTA_GoogleFlights,DEL-BLR,IndiGo,DEL-BLR_20260921_6E_1630,T+1,Economy,9047.2,2261.8,11309
2026-09-20,2026-09-21,2026-09-20 22:59:26,OTA_EaseMyTrip,DEL-BLR,IndiGo,DEL-BLR_20260921_6E_1640,T+1,Economy,8124.8,2031.2,10156
2026-09-20,2026-09-21,2026-09-20 22:59:26,OTA_EaseMyTrip,DEL-BLR,IndiGo,DEL-BLR_20260921_6E_1705,T+1,Economy,8061.6,2015.4,10077
2026-09-20,2026-09-21,2026-09-20 22:59:26,OTA_EaseMyTrip,DEL-BLR,IndiGo,DEL-BLR_20260921_6E_1710,T+1,Economy,8251.2,2062.8,10314
2026-09-20,2026-09-21,2026-09-20 22:59:26,OTA_EaseMyTrip,DEL-BLR,IndiGo,DEL-BLR_20260921_6E_1720,T+1,Economy,8945.6,2236.4,11182
2026-09-20,2026-09-21,2026-09-20 22:59:26,OTA_EaseMyTrip,DEL-BLR,IndiGo,DEL-BLR_20260921_6E_1750,T+1,Economy,1620.8,405.2,2026
2026-09-20,2026-09-21,2026-09-20 22:59:26,OTA_EaseMyTrip,DEL-BLR,IndiGo,DEL-BLR_20260921_6E_1755,T+1,Economy,13109.6,3277.4,16387
2026-09-20,2026-09-21,2026-09-20 22:59:26,OTA_EaseMyTrip,DEL-BLR,IndiGo,DEL-BLR_20260921_6E_1800,T+1,Economy,11968.0,2992.0,14960
2026-09-20,2026-09-21,2026-09-20 22:59:26,OTA_EaseMyTrip,DEL-BLR,IndiGo,DEL-BLR_20260921_6E_1815,T+1,Economy,10208.0,2552.0,12760
2026-09-20,2026-09-21,2026-09-20 22:59:35,OTA_GoogleFlights,DEL-BLR,IndiGo,DEL-BLR_20260921_6E_1820,T+1,Economy,10065.6,2516.4,12582
2026-09-20,2026-09-21,2026-09-20 22:59:26,OTA_EaseMyTrip,DEL-BLR,IndiGo,DEL-BLR_20260921_6E_1830,T+1,Economy,8061.6,2015.4,10077
2026-09-20,2026-09-21,2026-09-20 22:59:26,OTA_EaseMyTrip,DEL-BLR,IndiGo,DEL-BLR_20260921_6E_1840,T+1,Economy,8229.6,2057.4,10287
2026-09-20,2026-09-21,2026-09-20 22:59:35,OTA_GoogleFlights,DEL-BLR,IndiGo,DEL-BLR_20260921_6E_1900,T+1,Economy,13218.4,3304.6,16523
2026-09-20,2026-09-21,2026-09-20 22:59:26,OTA_EaseMyTrip,DEL-BLR,IndiGo,DEL-BLR_20260921_6E_1930,T+1,Economy,9624.0,2406.0,12030
2026-09-20,2026-09-21,2026-09-20 22:59:26,OTA_EaseMyTrip,DEL-BLR,IndiGo,DEL-BLR_20260921_6E_1935,T+1,Economy,8061.6,2015.4,10077
2026-09-20,2026-09-21,2026-09-20 22:59:26,OTA_EaseMyTrip,DEL-BLR,IndiGo,DEL-BLR_20260921_6E_1945,T+1,Economy,7506.4,1876.6,9383
2026-09-20,2026-09-21,2026-09-20 22:59:26,OTA_EaseMyTrip,DEL-BLR,IndiGo,DEL-BLR_20260921_6E_2045,T+1,Economy,9131.2,2282.8,11414
2026-09-20,2026-09-21,2026-09-20 22:59:26,OTA_EaseMyTrip,DEL-BLR,IndiGo,DEL-BLR_20260921_6E_2115,T+1,Economy,8061.6,2015.4,10077
2026-09-20,2026-09-21,2026-09-20 22:59:35,OTA_GoogleFlights,DEL-BLR,IndiGo,DEL-BLR_20260921_6E_2155,T+1,Economy,7344.8,1836.2,9181
2026-09-20,2026-09-21,2026-09-20 22:59:26,OTA_EaseMyTrip,DEL-BLR,IndiGo,DEL-BLR_20260921_6E_2200,T+1,Economy,7428.8,1857.2,9286
2026-09-20,2026-09-21,2026-09-20 22:59:26,OTA_EaseMyTrip,DEL-BLR,IndiGo,DEL-BLR_20260921_6E_2300,T+1,Economy,8061.6,2015.4,10077
2026-09-20,2026-09-21,2026-09-20 22:59:35,OTA_GoogleFlights,DEL-BLR,IndiGo,DEL-BLR_20260921_6E_2330,T+1,Economy,6979.2,1744.8,8724
2026-09-20,2026-09-21,2026-09-20 22:59:26,OTA_EaseMyTrip,DEL-BLR,Air India,DEL-BLR_20260921_AI_0105,T+1,Economy,1620.8,405.2,2026
2026-09-20,2026-09-21,2026-09-20 22:59:26,OTA_EaseMyTrip,DEL-BLR,Air India,DEL-BLR_20260921_AI_0140,T+1,Economy,1620.8,405.2,2026
2026-09-20,2026-09-21,2026-09-20 22:59:26,OTA_EaseMyTrip,DEL-BLR,Air India,DEL-BLR_20260921_AI_0200,T+1,Economy,16090.4,4022.6,20113
2026-09-20,2026-09-21,2026-09-20 22:59:26,OTA_EaseMyTrip,DEL-BLR,Air India,DEL-BLR_20260921_AI_0440,T+1,Economy,21471.2,5367.8,26839
2026-09-20,2026-09-21,2026-09-20 22:59:26,OTA_EaseMyTrip,DEL-BLR,Air India,DEL-BLR_20260921_AI_0445,T+1,Economy,14900.0,3725.0,18625
2026-09-20,2026-09-21,2026-09-20 22:59:26,OTA_EaseMyTrip,DEL-BLR,Air India,DEL-BLR_20260921_AI_0535,T+1,Economy,22276.8,5569.2,27846
2026-09-20,2026-09-21,2026-09-20 22:59:26,OTA_EaseMyTrip,DEL-BLR,Air India,DEL-BLR_20260921_AI_0545,T+1,Economy,7839.2,1959.8,9799
2026-09-20,2026-09-21,2026-09-20 22:59:35,OTA_GoogleFlights,DEL-BLR,Air India,DEL-BLR_20260921_AI_0600,T+1,Economy,14616.0,3654.0,18270
2026-09-20,2026-09-21,2026-09-20 22:59:26,OTA_EaseMyTrip,DEL-BLR,Air India,DEL-BLR_20260921_AI_0610,T+1,Economy,20335.2,5083.8,25419
2026-09-20,2026-09-21,2026-09-20 22:59:26,OTA_EaseMyTrip,DEL-BLR,Air India,DEL-BLR_20260921_AI_0625,T+1,Economy,8477.6,2119.4,10597
2026-09-20,2026-09-21,2026-09-20 22:59:35,OTA_GoogleFlights,DEL-BLR,Air India,DEL-BLR_20260921_AI_0630,T+1,Economy,14876.0,3719.0,18595
2026-09-20,2026-09-21,2026-09-20 22:59:26,OTA_EaseMyTrip,DEL-BLR,Air India,DEL-BLR_20260921_AI_0640,T+1,Economy,15508.0,3877.0,19385
2026-09-20,2026-09-21,2026-09-20 22:59:26,OTA_EaseMyTrip,DEL-BLR,Air India,DEL-BLR_20260921_AI_0650,T+1,Economy,14581.6,3645.4,18227
2026-09-20,2026-09-21,2026-09-20 22:59:26,OTA_EaseMyTrip,DEL-BLR,Air India,DEL-BLR_20260921_AI_0700,T+1,Economy,19982.4,4995.6,24978
2026-09-20,2026-09-21,2026-09-20 22:59:35,OTA_GoogleFlights,DEL-BLR,Air India,DEL-BLR_20260921_AI_0705,T+1,Economy,19647.2,4911.8,24559
2026-09-20,2026-09-21,2026-09-20 22:59:26,OTA_EaseMyTrip,DEL-BLR,Air India,DEL-BLR_20260921_AI_0720,T+1,Economy,18865.6,4716.4,23582
2026-09-20,2026-09-21,2026-09-20 22:59:26,OTA_EaseMyTrip,DEL-BLR,Air India,DEL-BLR_20260921_AI_0730,T+1,Economy,18304.0,4576.0,22880
2026-09-20,2026-09-21,2026-09-20 22:59:35,OTA_GoogleFlights,DEL-BLR,Air India,DEL-BLR_20260921_AI_0820,T+1,Economy,14485.6,3621.4,18107
2026-09-20,2026-09-21,2026-09-20 22:59:26,OTA_EaseMyTrip,DEL-BLR,Air India,DEL-BLR_20260921_AI_0830,T+1,Economy,14825.6,3706.4,18532
2026-09-20,2026-09-21,2026-09-20 22:59:26,OTA_EaseMyTrip,DEL-BLR,Air India,DEL-BLR_20260921_AI_0900,T+1,Economy,20337.6,5084.4,25422
2026-09-20,2026-09-21,2026-09-20 22:59:26,OTA_EaseMyTrip,DEL-BLR,Air India,DEL-BLR_20260921_AI_0920,T+1,Economy,17728.8,4432.2,22161
2026-09-20,2026-09-21,2026-09-20 22:59:26,OTA_EaseMyTrip,DEL-BLR,Air India,DEL-BLR_20260921_AI_0930,T+1,Economy,12642.4,3160.6,15803
2026-09-20,2026-09-21,2026-09-20 22:59:26,OTA_EaseMyTrip,DEL-BLR,Air India,DEL-BLR_20260921_AI_0955,T+1,Economy,16431.2,4107.8,20539
2026-09-20,2026-09-21,2026-09-20 22:59:26,OTA_EaseMyTrip,DEL-BLR,Air India,DEL-BLR_20260921_AI_1030,T+1,Economy,11318.4,2829.6,14148
2026-09-20,2026-09-21,2026-09-20 22:59:26,OTA_EaseMyTrip,DEL-BLR,Air India,DEL-BLR_20260921_AI_1040,T+1,Economy,25236.8,6309.2,31546
2026-09-20,2026-09-21,2026-09-20 22:59:35,OTA_GoogleFlights,DEL-BLR,Air India,DEL-BLR_20260921_AI_1045,T+1,Economy,12629.6,3157.4,15787
2026-09-20,2026-09-21,2026-09-20 22:59:26,OTA_EaseMyTrip,DEL-BLR,Air India,DEL-BLR_20260921_AI_1100,T+1,Economy,9461.6,2365.4,11827
2026-09-20,2026-09-21,2026-09-20 22:59:26,OTA_EaseMyTrip,DEL-BLR,Air India,DEL-BLR_20260921_AI_1115,T+1,Economy,14581.6,3645.4,18227
2026-09-20,2026-09-21,2026-09-20 22:59:26,OTA_EaseMyTrip,DEL-BLR,Air India,DEL-BLR_20260921_AI_1120,T+1,Economy,19613.6,4903.4,24517
2026-09-20,2026-09-21,2026-09-20 22:59:26,OTA_EaseMyTrip,DEL-BLR,Air India,DEL-BLR_20260921_AI_1150,T+1,Economy,7181.6,1795.4,8977
2026-09-20,2026-09-21,2026-09-20 22:59:26,OTA_EaseMyTrip,DEL-BLR,Air India,DEL-BLR_20260921_AI_1155,T+1,Economy,14311.2,3577.8,17889
2026-09-20,2026-09-21,2026-09-20 22:59:26,OTA_EaseMyTrip,DEL-BLR,Air India,DEL-BLR_20260921_AI_1205,T+1,Economy,1620.8,405.2,2026
2026-09-20,2026-09-21,2026-09-20 22:59:26,OTA_EaseMyTrip,DEL-BLR,Air India,DEL-BLR_20260921_AI_1210,T+1,Economy,19504.8,4876.2,24381
2026-09-20,2026-09-21,2026-09-20 22:59:35,OTA_GoogleFlights,DEL-BLR,Air India,DEL-BLR_20260921_AI_1220,T+1,Economy,12301.6,3075.4,15377
2026-09-20,2026-09-21,2026-09-20 22:59:26,OTA_EaseMyTrip,DEL-BLR,Air India,DEL-BLR_20260921_AI_1255,T+1,Economy,25236.8,6309.2,31546
2026-09-20,2026-09-21,2026-09-20 22:59:35,OTA_GoogleFlights,DEL-BLR,Air India,DEL-BLR_20260921_AI_1300,T+1,Economy,14876.0,3719.0,18595
2026-09-20,2026-09-21,2026-09-20 22:59:26,OTA_EaseMyTrip,DEL-BLR,Air India,DEL-BLR_20260921_AI_1310,T+1,Economy,18906.4,4726.6,23633
2026-09-20,2026-09-21,2026-09-20 22:59:35,OTA_GoogleFlights,DEL-BLR,Air India,DEL-BLR_20260921_AI_1315,T+1,Economy,10970.4,2742.6,13713
2026-09-20,2026-09-21,2026-09-20 22:59:26,OTA_EaseMyTrip,DEL-BLR,Air India,DEL-BLR_20260921_AI_1420,T+1,Economy,8907.2,2226.8,11134
2026-09-20,2026-09-21,2026-09-20 22:59:26,OTA_EaseMyTrip,DEL-BLR,Air India,DEL-BLR_20260921_AI_1430,T+1,Economy,15243.2,3810.8,19054
2026-09-20,2026-09-21,2026-09-20 22:59:35,OTA_GoogleFlights,DEL-BLR,Air India,DEL-BLR_20260921_AI_1500,T+1,Economy,10970.4,2742.6,13713
2026-09-20,2026-09-21,2026-09-20 22:59:26,OTA_EaseMyTrip,DEL-BLR,Air India,DEL-BLR_20260921_AI_1550,T+1,Economy,10928.0,2732.0,13660
2026-09-20,2026-09-21,2026-09-20 22:59:26,OTA_EaseMyTrip,DEL-BLR,Air India,DEL-BLR_20260921_AI_1600,T+1,Economy,10911.2,2727.8,13639
2026-09-20,2026-09-21,2026-09-20 22:59:26,OTA_EaseMyTrip,DEL-BLR,Air India,DEL-BLR_20260921_AI_1630,T+1,Economy,9381.6,2345.4,11727
2026-09-20,2026-09-21,2026-09-20 22:59:26,OTA_EaseMyTrip,DEL-BLR,Air India,DEL-BLR_20260921_AI_1735,T+1,Economy,12162.4,3040.6,15203
2026-09-20,2026-09-21,2026-09-20 22:59:26,OTA_EaseMyTrip,DEL-BLR,Air India,DEL-BLR_20260921_AI_1740,T+1,Economy,8653.6,2163.4,10817
2026-09-20,2026-09-21,2026-09-20 22:59:26,OTA_EaseMyTrip,DEL-BLR,Air India,DEL-BLR_20260921_AI_1800,T+1,Economy,14108.8,3527.2,17636
2026-09-20,2026-09-21,2026-09-20 22:59:35,OTA_GoogleFlights,DEL-BLR,Air India,DEL-BLR_20260921_AI_1820,T+1,Economy,10592.0,2648.0,13240
2026-09-20,2026-09-21,2026-09-20 22:59:26,OTA_EaseMyTrip,DEL-BLR,Air India,DEL-BLR_20260921_AI_1830,T+1,Economy,1620.8,405.2,2026
2026-09-20,2026-09-21,2026-09-20 22:59:26,OTA_EaseMyTrip,DEL-BLR,Air India,DEL-BLR_20260921_AI_1835,T+1,Economy,8235.2,2058.8,10294
2026-09-20,2026-09-21,2026-09-20 22:59:26,OTA_EaseMyTrip,DEL-BLR,Air India,DEL-BLR_20260921_AI_1840,T+1,Economy,7948.8,1987.2,9936
2026-09-20,2026-09-21,2026-09-20 22:59:26,OTA_EaseMyTrip,DEL-BLR,Air India,DEL-BLR_20260921_AI_1900,T+1,Economy,12979.2,3244.8,16224
2026-09-20,2026-09-21,2026-09-20 22:59:26,OTA_EaseMyTrip,DEL-BLR,Air India,DEL-BLR_20260921_AI_1910,T+1,Economy,8653.6,2163.4,10817
2026-09-20,2026-09-21,2026-09-20 22:59:26,OTA_EaseMyTrip,DEL-BLR,Air India,DEL-BLR_20260921_AI_1920,T+1,Economy,13016.8,3254.2,16271
2026-09-20,2026-09-21,2026-09-20 22:59:35,OTA_GoogleFlights,DEL-BLR,Air India,DEL-BLR_20260921_AI_1930,T+1,Economy,14485.6,3621.4,18107
2026-09-20,2026-09-21,2026-09-20 22:59:35,OTA_GoogleFlights,DEL-BLR,Air India,DEL-BLR_20260921_AI_2010,T+1,Economy,8063.2,2015.8,10079
2026-09-20,2026-09-21,2026-09-20 22:59:26,OTA_EaseMyTrip,DEL-BLR,Air India,DEL-BLR_20260921_AI_2025,T+1,Economy,8235.2,2058.8,10294
2026-09-20,2026-09-21,2026-09-20 22:59:35,OTA_GoogleFlights,DEL-BLR,Air India,DEL-BLR_20260921_AI_2045,T+1,Economy,9247.2,2311.8,11559
2026-09-20,2026-09-21,2026-09-20 22:59:26,OTA_EaseMyTrip,DEL-BLR,Air India,DEL-BLR_20260921_AI_2050,T+1,Economy,8653.6,2163.4,10817
2026-09-20,2026-09-21,2026-09-20 22:59:35,OTA_GoogleFlights,DEL-BLR,Air India,DEL-BLR_20260921_AI_2055,T+1,Economy,9046.4,2261.6,11308
2026-09-20,2026-09-21,2026-09-20 22:59:26,OTA_EaseMyTrip,DEL-BLR,Air India,DEL-BLR_20260921_AI_2100,T+1,Economy,9131.2,2282.8,11414
2026-09-20,2026-09-21,2026-09-20 22:59:26,OTA_EaseMyTrip,DEL-BLR,Air India,DEL-BLR_20260921_AI_2130,T+1,Economy,7679.2,1919.8,9599
2026-09-20,2026-09-21,2026-09-20 22:59:26,OTA_EaseMyTrip,DEL-BLR,Air India,DEL-BLR_20260921_AI_2210,T+1,Economy,1620.8,405.2,2026
2026-09-20,2026-09-21,2026-09-20 22:59:35,OTA_GoogleFlights,DEL-BLR,Air India,DEL-BLR_20260921_AI_2255,T+1,Economy,7345.6,1836.4,9182
2026-09-20,2026-09-21,2026-09-20 22:59:26,OTA_EaseMyTrip,DEL-BLR,Air India,DEL-BLR_20260921_AI_2325,T+1,Economy,7181.6,1795.4,8977
2026-09-20,2026-09-21,2026-09-20 22:59:26,OTA_EaseMyTrip,DEL-BLR,Air India Express,DEL-BLR_20260921_IX_0105,T+1,Economy,1620.8,405.2,2026
2026-09-20,2026-09-21,2026-09-20 22:59:26,OTA_EaseMyTrip,DEL-BLR,Air India Express,DEL-BLR_20260921_IX_0140,T+1,Economy,1620.8,405.2,2026
2026-09-20,2026-09-21,2026-09-20 22:59:26,OTA_EaseMyTrip,DEL-BLR,Air India Express,DEL-BLR_20260921_IX_0440,T+1,Economy,21471.2,5367.8,26839
2026-09-20,2026-09-21,2026-09-20 22:59:26,OTA_EaseMyTrip,DEL-BLR,Air India Express,DEL-BLR_20260921_IX_0445,T+1,Economy,14900.0,3725.0,18625
2026-09-20,2026-09-21,2026-09-20 22:59:26,OTA_EaseMyTrip,DEL-BLR,Air India Express,DEL-BLR_20260921_IX_0535,T+1,Economy,22276.8,5569.2,27846
2026-09-20,2026-09-21,2026-09-20 22:59:26,OTA_EaseMyTrip,DEL-BLR,Air India Express,DEL-BLR_20260921_IX_0545,T+1,Economy,7839.2,1959.8,9799
2026-09-20,2026-09-21,2026-09-20 22:59:26,OTA_EaseMyTrip,DEL-BLR,Air India Express,DEL-BLR_20260921_IX_0610,T+1,Economy,20335.2,5083.8,25419
2026-09-20,2026-09-21,2026-09-20 22:59:26,OTA_EaseMyTrip,DEL-BLR,Air India Express,DEL-BLR_20260921_IX_0625,T+1,Economy,8477.6,2119.4,10597
2026-09-20,2026-09-21,2026-09-20 22:59:26,OTA_EaseMyTrip,DEL-BLR,Air India Express,DEL-BLR_20260921_IX_0640,T+1,Economy,15508.0,3877.0,19385
2026-09-20,2026-09-21,2026-09-20 22:59:26,OTA_EaseMyTrip,DEL-BLR,Air India Express,DEL-BLR_20260921_IX_0650,T+1,Economy,14581.6,3645.4,18227
2026-09-20,2026-09-21,2026-09-20 22:59:26,OTA_EaseMyTrip,DEL-BLR,Air India Express,DEL-BLR_20260921_IX_0720,T+1,Economy,18865.6,4716.4,23582
2026-09-20,2026-09-21,2026-09-20 22:59:26,OTA_EaseMyTrip,DEL-BLR,Air India Express,DEL-BLR_20260921_IX_0900,T+1,Economy,20337.6,5084.4,25422
2026-09-20,2026-09-21,2026-09-20 22:59:26,OTA_EaseMyTrip,DEL-BLR,Air India Express,DEL-BLR_20260921_IX_0955,T+1,Economy,16431.2,4107.8,20539
2026-09-20,2026-09-21,2026-09-20 22:59:26,OTA_EaseMyTrip,DEL-BLR,Air India Express,DEL-BLR_20260921_IX_1040,T+1,Economy,25236.8,6309.2,31546
2026-09-20,2026-09-21,2026-09-20 22:59:26,OTA_EaseMyTrip,DEL-BLR,Air India Express,DEL-BLR_20260921_IX_1100,T+1,Economy,9461.6,2365.4,11827
2026-09-20,2026-09-21,2026-09-20 22:59:26,OTA_EaseMyTrip,DEL-BLR,Air India Express,DEL-BLR_20260921_IX_1115,T+1,Economy,14581.6,3645.4,18227
2026-09-20,2026-09-21,2026-09-20 22:59:26,OTA_EaseMyTrip,DEL-BLR,Air India Express,DEL-BLR_20260921_IX_1150,T+1,Economy,7181.6,1795.4,8977
2026-09-20,2026-09-21,2026-09-20 22:59:26,OTA_EaseMyTrip,DEL-BLR,Air India Express,DEL-BLR_20260921_IX_1155,T+1,Economy,14311.2,3577.8,17889
2026-09-20,2026-09-21,2026-09-20 22:59:26,OTA_EaseMyTrip,DEL-BLR,Air India Express,DEL-BLR_20260921_IX_1205,T+1,Economy,1620.8,405.2,2026
2026-09-20,2026-09-21,2026-09-20 22:59:26,OTA_EaseMyTrip,DEL-BLR,Air India Express,DEL-BLR_20260921_IX_1255,T+1,Economy,25236.8,6309.2,31546
2026-09-20,2026-09-21,2026-09-20 22:59:26,OTA_EaseMyTrip,DEL-BLR,Air India Express,DEL-BLR_20260921_IX_1310,T+1,Economy,18906.4,4726.6,23633
2026-09-20,2026-09-21,2026-09-20 22:59:26,OTA_EaseMyTrip,DEL-BLR,Air India Express,DEL-BLR_20260921_IX_1735,T+1,Economy,12162.4,3040.6,15203
2026-09-20,2026-09-21,2026-09-20 22:59:26,OTA_EaseMyTrip,DEL-BLR,Air India Express,DEL-BLR_20260921_IX_1830,T+1,Economy,1620.8,405.2,2026
2026-09-20,2026-09-21,2026-09-20 22:59:26,OTA_EaseMyTrip,DEL-BLR,Air India Express,DEL-BLR_20260921_IX_1840,T+1,Economy,7948.8,1987.2,9936
2026-09-20,2026-09-21,2026-09-20 22:59:26,OTA_EaseMyTrip,DEL-BLR,Air India Express,DEL-BLR_20260921_IX_1920,T+1,Economy,13016.8,3254.2,16271
2026-09-20,2026-09-21,2026-09-20 22:59:35,OTA_GoogleFlights,DEL-BLR,Air India Express,DEL-BLR_20260921_IX_2010,T+1,Economy,8063.2,2015.8,10079
2026-09-20,2026-09-21,2026-09-20 22:59:35,OTA_GoogleFlights,DEL-BLR,Air India Express,DEL-BLR_20260921_IX_2045,T+1,Economy,9247.2,2311.8,11559
2026-09-20,2026-09-21,2026-09-20 22:59:26,OTA_EaseMyTrip,DEL-BLR,Air India Express,DEL-BLR_20260921_IX_2100,T+1,Economy,9131.2,2282.8,11414
2026-09-20,2026-09-21,2026-09-20 22:59:26,OTA_EaseMyTrip,DEL-BLR,Air India Express,DEL-BLR_20260921_IX_2210,T+1,Economy,1620.8,405.2,2026
2026-09-20,2026-09-21,2026-09-20 22:59:26,OTA_EaseMyTrip,DEL-BLR,Air India Express,DEL-BLR_20260921_IX_2325,T+1,Economy,7181.6,1795.4,8977
2026-09-20,2026-09-21,2026-09-20 22:59:35,OTA_GoogleFlights,DEL-BLR,Akasa Air,DEL-BLR_20260921_QP_1840,T+1,Economy,8464.8,2116.2,10581
2026-09-20,2026-09-21,2026-09-20 22:59:35,OTA_GoogleFlights,DEL-BLR,Akasa Air,DEL-BLR_20260921_QP_1930,T+1,Economy,9603.2,2400.8,12004
2026-09-20,2026-09-21,2026-09-20 22:59:35,OTA_GoogleFlights,DEL-BLR,Akasa Air,DEL-BLR_20260921_QP_2155,T+1,Economy,7343.2,1835.8,9179
2026-09-20,2026-09-21,2026-09-20 22:59:35,OTA_GoogleFlights,DEL-BLR,Akasa Air,DEL-BLR_20260921_QP_2200,T+1,Economy,7742.4,1935.6,9678
2026-09-20,2026-09-21,2026-09-20 22:59:35,OTA_GoogleFlights,DEL-BLR,Akasa Air,DEL-BLR_20260921_QP_2330,T+1,Economy,7343.2,1835.8,9179
2026-09-20,2026-09-27,2026-09-20 23:00:05,OTA_EaseMyTrip,DEL-BLR,IndiGo,DEL-BLR_20260927_6E_0220,T+7,Economy,8061.6,2015.4,10077
2026-09-20,2026-09-27,2026-09-20 23:00:14,OTA_GoogleFlights,DEL-BLR,IndiGo,DEL-BLR_20260927_6E_0300,T+7,Economy,6979.2,1744.8,8724
2026-09-20,2026-09-27,2026-09-20 23:00:05,OTA_EaseMyTrip,DEL-BLR,IndiGo,DEL-BLR_20260927_6E_0450,T+7,Economy,25602.4,6400.6,32003
2026-09-20,2026-09-27,2026-09-20 23:00:05,OTA_EaseMyTrip,DEL-BLR,IndiGo,DEL-BLR_20260927_6E_0500,T+7,Economy,9016.8,2254.2,11271
2026-09-20,2026-09-27,2026-09-20 23:00:05,OTA_EaseMyTrip,DEL-BLR,IndiGo,DEL-BLR_20260927_6E_0510,T+7,Economy,8061.6,2015.4,10077
2026-09-20,2026-09-27,2026-09-20 23:00:14,OTA_GoogleFlights,DEL-BLR,IndiGo,DEL-BLR_20260927_6E_0545,T+7,Economy,6979.2,1744.8,8724
2026-09-20,2026-09-27,2026-09-20 23:00:05,OTA_EaseMyTrip,DEL-BLR,IndiGo,DEL-BLR_20260927_6E_0550,T+7,Economy,9008.0,2252.0,11260
2026-09-20,2026-09-27,2026-09-20 23:00:05,OTA_EaseMyTrip,DEL-BLR,IndiGo,DEL-BLR_20260927_6E_0555,T+7,Economy,9356.8,2339.2,11696
2026-09-20,2026-09-27,2026-09-20 23:00:05,OTA_EaseMyTrip,DEL-BLR,IndiGo,DEL-BLR_20260927_6E_0615,T+7,Economy,8872.8,2218.2,11091
2026-09-20,2026-09-27,2026-09-20 23:00:14,OTA_GoogleFlights,DEL-BLR,IndiGo,DEL-BLR_20260927_6E_0700,T+7,Economy,7344.8,1836.2,9181
2026-09-20,2026-09-27,2026-09-20 23:00:14,OTA_GoogleFlights,DEL-BLR,IndiGo,DEL-BLR_20260927_6E_0705,T+7,Economy,6979.2,1744.8,8724
2026-09-20,2026-09-27,2026-09-20 23:00:05,OTA_EaseMyTrip,DEL-BLR,IndiGo,DEL-BLR_20260927_6E_0820,T+7,Economy,7816.8,1954.2,9771
2026-09-20,2026-09-27,2026-09-20 23:00:05,OTA_EaseMyTrip,DEL-BLR,IndiGo,DEL-BLR_20260927_6E_0930,T+7,Economy,8228.0,2057.0,10285
2026-09-20,2026-09-27,2026-09-20 23:00:05,OTA_EaseMyTrip,DEL-BLR,IndiGo,DEL-BLR_20260927_6E_0955,T+7,Economy,7956.8,1989.2,9946
2026-09-20,2026-09-27,2026-09-20 23:00:05,OTA_EaseMyTrip,DEL-BLR,IndiGo,DEL-BLR_20260927_6E_1025,T+7,Economy,8124.8,2031.2,10156
2026-09-20,2026-09-27,2026-09-20 23:00:05,OTA_EaseMyTrip,DEL-BLR,IndiGo,DEL-BLR_20260927_6E_1030,T+7,Economy,9008.0,2252.0,11260
2026-09-20,2026-09-27,2026-09-20 23:00:05,OTA_EaseMyTrip,DEL-BLR,IndiGo,DEL-BLR_20260927_6E_1045,T+7,Economy,9131.2,2282.8,11414
2026-09-20,2026-09-27,2026-09-20 23:00:05,OTA_EaseMyTrip,DEL-BLR,IndiGo,DEL-BLR_20260927_6E_1055,T+7,Economy,12417.6,3104.4,15522
2026-09-20,2026-09-27,2026-09-20 23:00:05,OTA_EaseMyTrip,DEL-BLR,IndiGo,DEL-BLR_20260927_6E_1120,T+7,Economy,8680.8,2170.2,10851
2026-09-20,2026-09-27,2026-09-20 23:00:05,OTA_EaseMyTrip,DEL-BLR,IndiGo,DEL-BLR_20260927_6E_1145,T+7,Economy,7956.8,1989.2,9946
2026-09-20,2026-09-27,2026-09-20 23:00:05,OTA_EaseMyTrip,DEL-BLR,IndiGo,DEL-BLR_20260927_6E_1215,T+7,Economy,15785.6,3946.4,19732
2026-09-20,2026-09-27,2026-09-20 23:00:05,OTA_EaseMyTrip,DEL-BLR,IndiGo,DEL-BLR_20260927_6E_1220,T+7,Economy,10149.6,2537.4,12687
2026-09-20,2026-09-27,2026-09-20 23:00:14,OTA_GoogleFlights,DEL-BLR,IndiGo,DEL-BLR_20260927_6E_1315,T+7,Economy,10622.4,2655.6,13278
2026-09-20,2026-09-27,2026-09-20 23:00:05,OTA_EaseMyTrip,DEL-BLR,IndiGo,DEL-BLR_20260927_6E_1330,T+7,Economy,7956.8,1989.2,9946
2026-09-20,2026-09-27,2026-09-20 23:00:05,OTA_EaseMyTrip,DEL-BLR,IndiGo,DEL-BLR_20260927_6E_1400,T+7,Economy,8124.8,2031.2,10156
2026-09-20,2026-09-27,2026-09-20 23:00:14,OTA_GoogleFlights,DEL-BLR,IndiGo,DEL-BLR_20260927_6E_1430,T+7,Economy,10065.6,2516.4,12582
2026-09-20,2026-09-27,2026-09-20 23:00:05,OTA_EaseMyTrip,DEL-BLR,IndiGo,DEL-BLR_20260927_6E_1445,T+7,Economy,14860.0,3715.0,18575
2026-09-20,2026-09-27,2026-09-20 23:00:05,OTA_EaseMyTrip,DEL-BLR,IndiGo,DEL-BLR_20260927_6E_1455,T+7,Economy,9143.2,2285.8,11429
2026-09-20,2026-09-27,2026-09-20 23:00:05,OTA_EaseMyTrip,DEL-BLR,IndiGo,DEL-BLR_20260927_6E_1505,T+7,Economy,9008.0,2252.0,11260
2026-09-20,2026-09-27,2026-09-20 23:00:05,OTA_EaseMyTrip,DEL-BLR,IndiGo,DEL-BLR_20260927_6E_1515,T+7,Economy,8297.6,2074.4,10372
2026-09-20,2026-09-27,2026-09-20 23:00:05,OTA_EaseMyTrip,DEL-BLR,IndiGo,DEL-BLR_20260927_6E_1520,T+7,Economy,8061.6,2015.4,10077
2026-09-20,2026-09-27,2026-09-20 23:00:05,OTA_EaseMyTrip,DEL-BLR,IndiGo,DEL-BLR_20260927_6E_1545,T+7,Economy,9008.0,2252.0,11260
2026-09-20,2026-09-27,2026-09-20 23:00:05,OTA_EaseMyTrip,DEL-BLR,IndiGo,DEL-BLR_20260927_6E_1550,T+7,Economy,8124.8,2031.2,10156
2026-09-20,2026-09-27,2026-09-20 23:00:05,OTA_EaseMyTrip,DEL-BLR,IndiGo,DEL-BLR_20260927_6E_1610,T+7,Economy,10799.2,2699.8,13499
2026-09-20,2026-09-27,2026-09-20 23:00:05,OTA_EaseMyTrip,DEL-BLR,IndiGo,DEL-BLR_20260927_6E_1615,T+7,Economy,9252.0,2313.0,11565
2026-09-20,2026-09-27,2026-09-20 23:00:05,OTA_EaseMyTrip,DEL-BLR,IndiGo,DEL-BLR_20260927_6E_1620,T+7,Economy,8061.6,2015.4,10077
2026-09-20,2026-09-27,2026-09-20 23:00:05,OTA_EaseMyTrip,DEL-BLR,IndiGo,DEL-BLR_20260927_6E_1625,T+7,Economy,14172.0,3543.0,17715
2026-09-20,2026-09-27,2026-09-20 23:00:05,OTA_EaseMyTrip,DEL-BLR,IndiGo,DEL-BLR_20260927_6E_1630,T+7,Economy,10428.0,2607.0,13035
2026-09-20,2026-09-27,2026-09-20 23:00:14,OTA_GoogleFlights,DEL-BLR,IndiGo,DEL-BLR_20260927_6E_1700,T+7,Economy,9540.0,2385.0,11925
2026-09-20,2026-09-27,2026-09-20 23:00:05,OTA_EaseMyTrip,DEL-BLR,IndiGo,DEL-BLR_20260927_6E_1705,T+7,Economy,8061.6,2015.4,10077
2026-09-20,2026-09-27,2026-09-20 23:00:05,OTA_EaseMyTrip,DEL-BLR,IndiGo,DEL-BLR_20260927_6E_1710,T+7,Economy,8251.2,2062.8,10314
2026-09-20,2026-09-27,2026-09-20 23:00:05,OTA_EaseMyTrip,DEL-BLR,IndiGo,DEL-BLR_20260927_6E_1720,T+7,Economy,8945.6,2236.4,11182
2026-09-20,2026-09-27,2026-09-20 23:00:05,OTA_EaseMyTrip,DEL-BLR,IndiGo,DEL-BLR_20260927_6E_1745,T+7,Economy,8124.8,2031.2,10156
2026-09-20,2026-09-27,2026-09-20 23:00:05,OTA_EaseMyTrip,DEL-BLR,IndiGo,DEL-BLR_20260927_6E_1755,T+7,Economy,7956.8,1989.2,9946
2026-09-20,2026-09-27,2026-09-20 23:00:05,OTA_EaseMyTrip,DEL-BLR,IndiGo,DEL-BLR_20260927_6E_1800,T+7,Economy,8061.6,2015.4,10077
2026-09-20,2026-09-27,2026-09-20 23:00:05,OTA_EaseMyTrip,DEL-BLR,IndiGo,DEL-BLR_20260927_6E_1815,T+7,Economy,13869.6,3467.4,17337
2026-09-20,2026-09-27,2026-09-20 23:00:14,OTA_GoogleFlights,DEL-BLR,IndiGo,DEL-BLR_20260927_6E_1820,T+7,Economy,9540.0,2385.0,11925
2026-09-20,2026-09-27,2026-09-20 23:00:05,OTA_EaseMyTrip,DEL-BLR,IndiGo,DEL-BLR_20260927_6E_1830,T+7,Economy,8061.6,2015.4,10077
2026-09-20,2026-09-27,2026-09-20 23:00:05,OTA_EaseMyTrip,DEL-BLR,IndiGo,DEL-BLR_20260927_6E_1840,T+7,Economy,8229.6,2057.4,10287
2026-09-20,2026-09-27,2026-09-20 23:00:14,OTA_GoogleFlights,DEL-BLR,IndiGo,DEL-BLR_20260927_6E_1900,T+7,Economy,10065.6,2516.4,12582
2026-09-20,2026-09-27,2026-09-20 23:00:14,OTA_GoogleFlights,DEL-BLR,IndiGo,DEL-BLR_20260927_6E_1930,T+7,Economy,9047.2,2261.8,11309
2026-09-20,2026-09-27,2026-09-20 23:00:05,OTA_EaseMyTrip,DEL-BLR,IndiGo,DEL-BLR_20260927_6E_1935,T+7,Economy,8061.6,2015.4,10077
2026-09-20,2026-09-27,2026-09-20 23:00:05,OTA_EaseMyTrip,DEL-BLR,IndiGo,DEL-BLR_20260927_6E_1945,T+7,Economy,8124.8,2031.2,10156
2026-09-20,2026-09-27,2026-09-20 23:00:14,OTA_GoogleFlights,DEL-BLR,IndiGo,DEL-BLR_20260927_6E_2045,T+7,Economy,7732.8,1933.2,9666
2026-09-20,2026-09-27,2026-09-20 23:00:14,OTA_GoogleFlights,DEL-BLR,IndiGo,DEL-BLR_20260927_6E_2055,T+7,Economy,7732.8,1933.2,9666
2026-09-20,2026-09-27,2026-09-20 23:00:05,OTA_EaseMyTrip,DEL-BLR,IndiGo,DEL-BLR_20260927_6E_2115,T+7,Economy,10904.8,2726.2,13631
2026-09-20,2026-09-27,2026-09-20 23:00:14,OTA_GoogleFlights,DEL-BLR,IndiGo,DEL-BLR_20260927_6E_2130,T+7,Economy,8144.0,2036.0,10180
2026-09-20,2026-09-27,2026-09-20 23:00:05,OTA_EaseMyTrip,DEL-BLR,IndiGo,DEL-BLR_20260927_6E_2200,T+7,Economy,7428.8,1857.2,9286
2026-09-20,2026-09-27,2026-09-20 23:00:05,OTA_EaseMyTrip,DEL-BLR,IndiGo,DEL-BLR_20260927_6E_2300,T+7,Economy,8061.6,2015.4,10077
2026-09-20,2026-09-27,2026-09-20 23:00:14,OTA_GoogleFlights,DEL-BLR,IndiGo,DEL-BLR_20260927_6E_2330,T+7,Economy,6979.2,1744.8,8724
2026-09-20,2026-09-27,2026-09-20 23:00:05,OTA_EaseMyTrip,DEL-BLR,Air India,DEL-BLR_20260927_AI_0015,T+7,Economy,7313.6,1828.4,9142
2026-09-20,2026-09-27,2026-09-20 23:00:05,OTA_EaseMyTrip,DEL-BLR,Air India,DEL-BLR_20260927_AI_0200,T+7,Economy,10423.2,2605.8,13029
2026-09-20,2026-09-27,2026-09-20 23:00:05,OTA_EaseMyTrip,DEL-BLR,Air India,DEL-BLR_20260927_AI_0430,T+7,Economy,8842.4,2210.6,11053
2026-09-20,2026-09-27,2026-09-20 23:00:05,OTA_EaseMyTrip,DEL-BLR,Air India,DEL-BLR_20260927_AI_0440,T+7,Economy,11994.4,2998.6,14993
2026-09-20,2026-09-27,2026-09-20 23:00:05,OTA_EaseMyTrip,DEL-BLR,Air India,DEL-BLR_20260927_AI_0445,T+7,Economy,10423.2,2605.8,13029
2026-09-20,2026-09-27,2026-09-20 23:00:05,OTA_EaseMyTrip,DEL-BLR,Air India,DEL-BLR_20260927_AI_0535,T+7,Economy,10452.8,2613.2,13066
2026-09-20,2026-09-27,2026-09-20 23:00:05,OTA_EaseMyTrip,DEL-BLR,Air India,DEL-BLR_20260927_AI_0545,T+7,Economy,8090.4,2022.6,10113
2026-09-20,2026-09-27,2026-09-20 23:00:05,OTA_EaseMyTrip,DEL-BLR,Air India,DEL-BLR_20260927_AI_0555,T+7,Economy,8655.2,2163.8,10819
2026-09-20,2026-09-27,2026-09-20 23:00:05,OTA_EaseMyTrip,DEL-BLR,Air India,DEL-BLR_20260927_AI_0600,T+7,Economy,7313.6,1828.4,9142
2026-09-20,2026-09-27,2026-09-20 23:00:05,OTA_EaseMyTrip,DEL-BLR,Air India,DEL-BLR_20260927_AI_0610,T+7,Economy,12556.8,3139.2,15696
2026-09-20,2026-09-27,2026-09-20 23:00:05,OTA_EaseMyTrip,DEL-BLR,Air India,DEL-BLR_20260927_AI_0620,T+7,Economy,10173.6,2543.4,12717
2026-09-20,2026-09-27,2026-09-20 23:00:05,OTA_EaseMyTrip,DEL-BLR,Air India,DEL-BLR_20260927_AI_0625,T+7,Economy,9629.6,2407.4,12037
2026-09-20,2026-09-27,2026-09-20 23:00:14,OTA_GoogleFlights,DEL-BLR,Air India,DEL-BLR_20260927_AI_0630,T+7,Economy,6980.0,1745.0,8725
2026-09-20,2026-09-27,2026-09-20 23:00:05,OTA_EaseMyTrip,DEL-BLR,Air India,DEL-BLR_20260927_AI_0640,T+7,Economy,23533.6,5883.4,29417
2026-09-20,2026-09-27,2026-09-20 23:00:05,OTA_EaseMyTrip,DEL-BLR,Air India,DEL-BLR_20260927_AI_0650,T+7,Economy,15096.8,3774.2,18871
2026-09-20,2026-09-27,2026-09-20 23:00:14,OTA_GoogleFlights,DEL-BLR,Air India,DEL-BLR_20260927_AI_0700,T+7,Economy,6980.0,1745.0,8725
2026-09-20,2026-09-27,2026-09-20 23:00:14,OTA_GoogleFlights,DEL-BLR,Air India,DEL-BLR_20260927_AI_0705,T+7,Economy,6980.0,1745.0,8725
2026-09-20,2026-09-27,2026-09-20 23:00:05,OTA_EaseMyTrip,DEL-BLR,Air India,DEL-BLR_20260927_AI_0720,T+7,Economy,16764.8,4191.2,20956
2026-09-20,2026-09-27,2026-09-20 23:00:05,OTA_EaseMyTrip,DEL-BLR,Air India,DEL-BLR_20260927_AI_0730,T+7,Economy,16900.8,4225.2,21126
2026-09-20,2026-09-27,2026-09-20 23:00:05,OTA_EaseMyTrip,DEL-BLR,Air India,DEL-BLR_20260927_AI_0800,T+7,Economy,14300.0,3575.0,17875
2026-09-20,2026-09-27,2026-09-20 23:00:05,OTA_EaseMyTrip,DEL-BLR,Air India,DEL-BLR_20260927_AI_0810,T+7,Economy,9461.6,2365.4,11827
2026-09-20,2026-09-27,2026-09-20 23:00:05,OTA_EaseMyTrip,DEL-BLR,Air India,DEL-BLR_20260927_AI_0830,T+7,Economy,7809.6,1952.4,9762
2026-09-20,2026-09-27,2026-09-20 23:00:05,OTA_EaseMyTrip,DEL-BLR,Air India,DEL-BLR_20260927_AI_0900,T+7,Economy,13061.6,3265.4,16327
2026-09-20,2026-09-27,2026-09-20 23:00:14,OTA_GoogleFlights,DEL-BLR,Air India,DEL-BLR_20260927_AI_0930,T+7,Economy,8492.0,2123.0,10615
2026-09-20,2026-09-27,2026-09-20 23:00:05,OTA_EaseMyTrip,DEL-BLR,Air India,DEL-BLR_20260927_AI_0955,T+7,Economy,23533.6,5883.4,29417
2026-09-20,2026-09-27,2026-09-20 23:00:05,OTA_EaseMyTrip,DEL-BLR,Air India,DEL-BLR_20260927_AI_1030,T+7,Economy,11414.4,2853.6,14268
2026-09-20,2026-09-27,2026-09-20 23:00:05,OTA_EaseMyTrip,DEL-BLR,Air India,DEL-BLR_20260927_AI_1040,T+7,Economy,18694.4,4673.6,23368
2026-09-20,2026-09-27,2026-09-20 23:00:05,OTA_EaseMyTrip,DEL-BLR,Air India,DEL-BLR_20260927_AI_1045,T+7,Economy,23819.2,5954.8,29774
2026-09-20,2026-09-27,2026-09-20 23:00:05,OTA_EaseMyTrip,DEL-BLR,Air India,DEL-BLR_20260927_AI_1100,T+7,Economy,22276.8,5569.2,27846
2026-09-20,2026-09-27,2026-09-20 23:00:05,OTA_EaseMyTrip,DEL-BLR,Air India,DEL-BLR_20260927_AI_1115,T+7,Economy,12210.4,3052.6,15263
2026-09-20,2026-09-27,2026-09-20 23:00:05,OTA_EaseMyTrip,DEL-BLR,Air India,DEL-BLR_20260927_AI_1130,T+7,Economy,30677.6,7669.4,38347
2026-09-20,2026-09-27,2026-09-20 23:00:05,OTA_EaseMyTrip,DEL-BLR,Air India,DEL-BLR_20260927_AI_1150,T+7,Economy,9629.6,2407.4,12037
2026-09-20,2026-09-27,2026-09-20 23:00:05,OTA_EaseMyTrip,DEL-BLR,Air India,DEL-BLR_20260927_AI_1155,T+7,Economy,12898.4,3224.6,16123
2026-09-20,2026-09-27,2026-09-20 23:00:05,OTA_EaseMyTrip,DEL-BLR,Air India,DEL-BLR_20260927_AI_1205,T+7,Economy,14072.0,3518.0,17590
2026-09-20,2026-09-27,2026-09-20 23:00:05,OTA_EaseMyTrip,DEL-BLR,Air India,DEL-BLR_20260927_AI_1220,T+7,Economy,18816.8,4704.2,23521
2026-09-20,2026-09-27,2026-09-20 23:00:05,OTA_EaseMyTrip,DEL-BLR,Air India,DEL-BLR_20260927_AI_1255,T+7,Economy,19147.2,4786.8,23934
2026-09-20,2026-09-27,2026-09-20 23:00:14,OTA_GoogleFlights,DEL-BLR,Air India,DEL-BLR_20260927_AI_1300,T+7,Economy,12848.0,3212.0,16060
2026-09-20,2026-09-27,2026-09-20 23:00:14,OTA_GoogleFlights,DEL-BLR,Air India,DEL-BLR_20260927_AI_1315,T+7,Economy,11062.4,2765.6,13828
2026-09-20,2026-09-27,2026-09-20 23:00:05,OTA_EaseMyTrip,DEL-BLR,Air India,DEL-BLR_20260927_AI_1420,T+7,Economy,9579.2,2394.8,11974
2026-09-20,2026-09-27,2026-09-20 23:00:14,OTA_GoogleFlights,DEL-BLR,Air India,DEL-BLR_20260927_AI_1500,T+7,Economy,11252.0,2813.0,14065
2026-09-20,2026-09-27,2026-09-20 23:00:05,OTA_EaseMyTrip,DEL-BLR,Air India,DEL-BLR_20260927_AI_1530,T+7,Economy,14580.0,3645.0,18225
2026-09-20,2026-09-27,2026-09-20 23:00:14,OTA_GoogleFlights,DEL-BLR,Air India,DEL-BLR_20260927_AI_1550,T+7,Economy,11062.4,2765.6,13828
2026-09-20,2026-09-27,2026-09-20 23:00:14,OTA_GoogleFlights,DEL-BLR,Air India,DEL-BLR_20260927_AI_1630,T+7,Economy,14876.0,3719.0,18595
2026-09-20,2026-09-27,2026-09-20 23:00:14,OTA_GoogleFlights,DEL-BLR,Air India,DEL-BLR_20260927_AI_1640,T+7,Economy,9958.4,2489.6,12448
2026-09-20,2026-09-27,2026-09-20 23:00:05,OTA_EaseMyTrip,DEL-BLR,Air India,DEL-BLR_20260927_AI_1735,T+7,Economy,22844.8,5711.2,28556
2026-09-20,2026-09-27,2026-09-20 23:00:05,OTA_EaseMyTrip,DEL-BLR,Air India,DEL-BLR_20260927_AI_1800,T+7,Economy,14078.4,3519.6,17598
2026-09-20,2026-09-27,2026-09-20 23:00:14,OTA_GoogleFlights,DEL-BLR,Air India,DEL-BLR_20260927_AI_1820,T+7,Economy,9790.4,2447.6,12238
2026-09-20,2026-09-27,2026-09-20 23:00:14,OTA_GoogleFlights,DEL-BLR,Air India,DEL-BLR_20260927_AI_1830,T+7,Economy,11062.4,2765.6,13828
2026-09-20,2026-09-27,2026-09-20 23:00:05,OTA_EaseMyTrip,DEL-BLR,Air India,DEL-BLR_20260927_AI_1835,T+7,Economy,8907.2,2226.8,11134
2026-09-20,2026-09-27,2026-09-20 23:00:05,OTA_EaseMyTrip,DEL-BLR,Air India,DEL-BLR_20260927_AI_1840,T+7,Economy,9131.2,2282.8,11414
2026-09-20,2026-09-27,2026-09-20 23:00:05,OTA_EaseMyTrip,DEL-BLR,Air India,DEL-BLR_20260927_AI_1900,T+7,Economy,10308.0,2577.0,12885
2026-09-20,2026-09-27,2026-09-20 23:00:05,OTA_EaseMyTrip,DEL-BLR,Air India,DEL-BLR_20260927_AI_1920,T+7,Economy,11017.6,2754.4,13772
2026-09-20,2026-09-27,2026-09-20 23:00:05,OTA_EaseMyTrip,DEL-BLR,Air India,DEL-BLR_20260927_AI_1930,T+7,Economy,10134.4,2533.6,12668
2026-09-20,2026-09-27,2026-09-20 23:00:14,OTA_GoogleFlights,DEL-BLR,Air India,DEL-BLR_20260927_AI_2010,T+7,Economy,9247.2,2311.8,11559
2026-09-20,2026-09-27,2026-09-20 23:00:05,OTA_EaseMyTrip,DEL-BLR,Air India,DEL-BLR_20260927_AI_2025,T+7,Economy,9579.2,2394.8,11974
2026-09-20,2026-09-27,2026-09-20 23:00:14,OTA_GoogleFlights,DEL-BLR,Air India,DEL-BLR_20260927_AI_2045,T+7,Economy,8060.0,2015.0,10075
2026-09-20,2026-09-27,2026-09-20 23:00:05,OTA_EaseMyTrip,DEL-BLR,Air India,DEL-BLR_20260927_AI_2050,T+7,Economy,12268.8,3067.2,15336
2026-09-20,2026-09-27,2026-09-20 23:00:05,OTA_EaseMyTrip,DEL-BLR,Air India,DEL-BLR_20260927_AI_2100,T+7,Economy,7222.4,1805.6,9028
2026-09-20,2026-09-27,2026-09-20 23:00:05,OTA_EaseMyTrip,DEL-BLR,Air India,DEL-BLR_20260927_AI_2130,T+7,Economy,8410.4,2102.6,10513
2026-09-20,2026-09-27,2026-09-20 23:00:14,OTA_GoogleFlights,DEL-BLR,Air India,DEL-BLR_20260927_AI_2200,T+7,Economy,7467.2,1866.8,9334
2026-09-20,2026-09-27,2026-09-20 23:00:05,OTA_EaseMyTrip,DEL-BLR,Air India,DEL-BLR_20260927_AI_2325,T+7,Economy,7181.6,1795.4,8977
2026-09-20,2026-09-27,2026-09-20 23:00:14,OTA_GoogleFlights,DEL-BLR,Air India,DEL-BLR_20260927_AI_2330,T+7,Economy,6980.0,1745.0,8725
2026-09-20,2026-09-27,2026-09-20 23:00:05,OTA_EaseMyTrip,DEL-BLR,Air India,DEL-BLR_20260927_AI_2350,T+7,Economy,9257.6,2314.4,11572
2026-09-20,2026-09-27,2026-09-20 23:00:05,OTA_EaseMyTrip,DEL-BLR,Air India Express,DEL-BLR_20260927_IX_0440,T+7,Economy,11994.4,2998.6,14993
2026-09-20,2026-09-27,2026-09-20 23:00:05,OTA_EaseMyTrip,DEL-BLR,Air India Express,DEL-BLR_20260927_IX_0445,T+7,Economy,17215.2,4303.8,21519
2026-09-20,2026-09-27,2026-09-20 23:00:05,OTA_EaseMyTrip,DEL-BLR,Air India Express,DEL-BLR_20260927_IX_0535,T+7,Economy,10452.8,2613.2,13066
2026-09-20,2026-09-27,2026-09-20 23:00:05,OTA_EaseMyTrip,DEL-BLR,Air India Express,DEL-BLR_20260927_IX_0545,T+7,Economy,8090.4,2022.6,10113
2026-09-20,2026-09-27,2026-09-20 23:00:14,OTA_GoogleFlights,DEL-BLR,Air India Express,DEL-BLR_20260927_IX_0600,T+7,Economy,7338.4,1834.6,9173
2026-09-20,2026-09-27,2026-09-20 23:00:05,OTA_EaseMyTrip,DEL-BLR,Air India Express,DEL-BLR_20260927_IX_0610,T+7,Economy,12556.8,3139.2,15696
2026-09-20,2026-09-27,2026-09-20 23:00:05,OTA_EaseMyTrip,DEL-BLR,Air India Express,DEL-BLR_20260927_IX_0625,T+7,Economy,9629.6,2407.4,12037
2026-09-20,2026-09-27,2026-09-20 23:00:05,OTA_EaseMyTrip,DEL-BLR,Air India Express,DEL-BLR_20260927_IX_0640,T+7,Economy,23533.6,5883.4,29417
2026-09-20,2026-09-27,2026-09-20 23:00:05,OTA_EaseMyTrip,DEL-BLR,Air India Express,DEL-BLR_20260927_IX_0650,T+7,Economy,15096.8,3774.2,18871
2026-09-20,2026-09-27,2026-09-20 23:00:05,OTA_EaseMyTrip,DEL-BLR,Air India Express,DEL-BLR_20260927_IX_0720,T+7,Economy,16764.8,4191.2,20956
2026-09-20,2026-09-27,2026-09-20 23:00:05,OTA_EaseMyTrip,DEL-BLR,Air India Express,DEL-BLR_20260927_IX_0810,T+7,Economy,9461.6,2365.4,11827
2026-09-20,2026-09-27,2026-09-20 23:00:05,OTA_EaseMyTrip,DEL-BLR,Air India Express,DEL-BLR_20260927_IX_0900,T+7,Economy,13061.6,3265.4,16327
2026-09-20,2026-09-27,2026-09-20 23:00:05,OTA_EaseMyTrip,DEL-BLR,Air India Express,DEL-BLR_20260927_IX_0955,T+7,Economy,23533.6,5883.4,29417
2026-09-20,2026-09-27,2026-09-20 23:00:05,OTA_EaseMyTrip,DEL-BLR,Air India Express,DEL-BLR_20260927_IX_1040,T+7,Economy,18694.4,4673.6,23368
2026-09-20,2026-09-27,2026-09-20 23:00:05,OTA_EaseMyTrip,DEL-BLR,Air India Express,DEL-BLR_20260927_IX_1100,T+7,Economy,22276.8,5569.2,27846
2026-09-20,2026-09-27,2026-09-20 23:00:05,OTA_EaseMyTrip,DEL-BLR,Air India Express,DEL-BLR_20260927_IX_1115,T+7,Economy,12210.4,3052.6,15263
2026-09-20,2026-09-27,2026-09-20 23:00:05,OTA_EaseMyTrip,DEL-BLR,Air India Express,DEL-BLR_20260927_IX_1150,T+7,Economy,9629.6,2407.4,12037
2026-09-20,2026-09-27,2026-09-20 23:00:05,OTA_EaseMyTrip,DEL-BLR,Air India Express,DEL-BLR_20260927_IX_1155,T+7,Economy,18474.4,4618.6,23093
2026-09-20,2026-09-27,2026-09-20 23:00:05,OTA_EaseMyTrip,DEL-BLR,Air India Express,DEL-BLR_20260927_IX_1205,T+7,Economy,14072.0,3518.0,17590
2026-09-20,2026-09-27,2026-09-20 23:00:05,OTA_EaseMyTrip,DEL-BLR,Air India Express,DEL-BLR_20260927_IX_1255,T+7,Economy,19147.2,4786.8,23934
2026-09-20,2026-09-27,2026-09-20 23:00:05,OTA_EaseMyTrip,DEL-BLR,Air India Express,DEL-BLR_20260927_IX_1735,T+7,Economy,22844.8,5711.2,28556
2026-09-20,2026-09-27,2026-09-20 23:00:05,OTA_EaseMyTrip,DEL-BLR,Air India Express,DEL-BLR_20260927_IX_1840,T+7,Economy,9131.2,2282.8,11414
2026-09-20,2026-09-27,2026-09-20 23:00:05,OTA_EaseMyTrip,DEL-BLR,Air India Express,DEL-BLR_20260927_IX_1920,T+7,Economy,11017.6,2754.4,13772
2026-09-20,2026-09-27,2026-09-20 23:00:14,OTA_GoogleFlights,DEL-BLR,Air India Express,DEL-BLR_20260927_IX_2010,T+7,Economy,9247.2,2311.8,11559
2026-09-20,2026-09-27,2026-09-20 23:00:05,OTA_EaseMyTrip,DEL-BLR,Air India Express,DEL-BLR_20260927_IX_2100,T+7,Economy,7222.4,1805.6,9028
2026-09-20,2026-09-27,2026-09-20 23:00:05,OTA_EaseMyTrip,DEL-BLR,Air India Express,DEL-BLR_20260927_IX_2325,T+7,Economy,7181.6,1795.4,8977
2026-09-20,2026-09-27,2026-09-20 23:00:14,OTA_GoogleFlights,DEL-BLR,Akasa Air,DEL-BLR_20260927_QP_0830,T+7,Economy,7473.6,1868.4,9342
2026-09-20,2026-09-27,2026-09-20 23:00:14,OTA_GoogleFlights,DEL-BLR,Akasa Air,DEL-BLR_20260927_QP_1930,T+7,Economy,9094.4,2273.6,11368
2026-09-20,2026-09-27,2026-09-20 23:00:14,OTA_GoogleFlights,DEL-BLR,Akasa Air,DEL-BLR_20260927_QP_2055,T+7,Economy,7606.4,1901.6,9508
2026-09-20,2026-09-27,2026-09-20 23:00:14,OTA_GoogleFlights,DEL-BLR,Akasa Air,DEL-BLR_20260927_QP_2100,T+7,Economy,7343.2,1835.8,9179
2026-09-20,2026-10-05,2026-09-20 23:00:44,OTA_EaseMyTrip,DEL-BLR,IndiGo,DEL-BLR_20261005_6E_0105,T+15,Economy,9131.2,2282.8,11414
2026-09-20,2026-10-05,2026-09-20 23:00:44,OTA_EaseMyTrip,DEL-BLR,IndiGo,DEL-BLR_20261005_6E_0225,T+15,Economy,7813.6,1953.4,9767
2026-09-20,2026-10-05,2026-09-20 23:00:44,OTA_EaseMyTrip,DEL-BLR,IndiGo,DEL-BLR_20261005_6E_0255,T+15,Economy,7981.6,1995.4,9977
2026-09-20,2026-10-05,2026-09-20 23:00:53,OTA_GoogleFlights,DEL-BLR,IndiGo,DEL-BLR_20261005_6E_0300,T+15,Economy,9047.2,2261.8,11309
2026-09-20,2026-10-05,2026-09-20 23:00:44,OTA_EaseMyTrip,DEL-BLR,IndiGo,DEL-BLR_20261005_6E_0500,T+15,Economy,7328.8,1832.2,9161
2026-09-20,2026-10-05,2026-09-20 23:00:44,OTA_EaseMyTrip,DEL-BLR,IndiGo,DEL-BLR_20261005_6E_0510,T+15,Economy,7918.4,1979.6,9898
2026-09-20,2026-10-05,2026-09-20 23:00:44,OTA_EaseMyTrip,DEL-BLR,IndiGo,DEL-BLR_20261005_6E_0545,T+15,Economy,8665.6,2166.4,10832
2026-09-20,2026-10-05,2026-09-20 23:00:44,OTA_EaseMyTrip,DEL-BLR,IndiGo,DEL-BLR_20261005_6E_0550,T+15,Economy,7708.8,1927.2,9636
2026-09-20,2026-10-05,2026-09-20 23:00:44,OTA_EaseMyTrip,DEL-BLR,IndiGo,DEL-BLR_20261005_6E_0555,T+15,Economy,7918.4,1979.6,9898
2026-09-20,2026-10-05,2026-09-20 23:00:53,OTA_GoogleFlights,DEL-BLR,IndiGo,DEL-BLR_20261005_6E_0600,T+15,Economy,9047.2,2261.8,11309
2026-09-20,2026-10-05,2026-09-20 23:00:44,OTA_EaseMyTrip,DEL-BLR,IndiGo,DEL-BLR_20261005_6E_0615,T+15,Economy,7708.8,1927.2,9636
2026-09-20,2026-10-05,2026-09-20 23:00:53,OTA_GoogleFlights,DEL-BLR,IndiGo,DEL-BLR_20261005_6E_0630,T+15,Economy,8581.6,2145.4,10727
2026-09-20,2026-10-05,2026-09-20 23:00:53,OTA_GoogleFlights,DEL-BLR,IndiGo,DEL-BLR_20261005_6E_0705,T+15,Economy,8581.6,2145.4,10727
2026-09-20,2026-10-05,2026-09-20 23:00:44,OTA_EaseMyTrip,DEL-BLR,IndiGo,DEL-BLR_20261005_6E_0810,T+15,Economy,6960.8,1740.2,8701
2026-09-20,2026-10-05,2026-09-20 23:00:44,OTA_EaseMyTrip,DEL-BLR,IndiGo,DEL-BLR_20261005_6E_0820,T+15,Economy,8228.0,2057.0,10285
2026-09-20,2026-10-05,2026-09-20 23:00:44,OTA_EaseMyTrip,DEL-BLR,IndiGo,DEL-BLR_20261005_6E_0830,T+15,Economy,7128.8,1782.2,8911
2026-09-20,2026-10-05,2026-09-20 23:00:53,OTA_GoogleFlights,DEL-BLR,IndiGo,DEL-BLR_20261005_6E_0930,T+15,Economy,8144.0,2036.0,10180
2026-09-20,2026-10-05,2026-09-20 23:00:44,OTA_EaseMyTrip,DEL-BLR,IndiGo,DEL-BLR_20261005_6E_0955,T+15,Economy,11824.0,2956.0,14780
2026-09-20,2026-10-05,2026-09-20 23:00:44,OTA_EaseMyTrip,DEL-BLR,IndiGo,DEL-BLR_20261005_6E_1025,T+15,Economy,7981.6,1995.4,9977
2026-09-20,2026-10-05,2026-09-20 23:00:53,OTA_GoogleFlights,DEL-BLR,IndiGo,DEL-BLR_20261005_6E_1030,T+15,Economy,8144.0,2036.0,10180
2026-09-20,2026-10-05,2026-09-20 23:00:53,OTA_GoogleFlights,DEL-BLR,IndiGo,DEL-BLR_20261005_6E_1045,T+15,Economy,8144.0,2036.0,10180
2026-09-20,2026-10-05,2026-09-20 23:00:44,OTA_EaseMyTrip,DEL-BLR,IndiGo,DEL-BLR_20261005_6E_1055,T+15,Economy,10024.0,2506.0,12530
2026-09-20,2026-10-05,2026-09-20 23:00:44,OTA_EaseMyTrip,DEL-BLR,IndiGo,DEL-BLR_20261005_6E_1120,T+15,Economy,12139.2,3034.8,15174
2026-09-20,2026-10-05,2026-09-20 23:00:44,OTA_EaseMyTrip,DEL-BLR,IndiGo,DEL-BLR_20261005_6E_1145,T+15,Economy,8460.8,2115.2,10576
2026-09-20,2026-10-05,2026-09-20 23:00:44,OTA_EaseMyTrip,DEL-BLR,IndiGo,DEL-BLR_20261005_6E_1215,T+15,Economy,7816.8,1954.2,9771
2026-09-20,2026-10-05,2026-09-20 23:00:44,OTA_EaseMyTrip,DEL-BLR,IndiGo,DEL-BLR_20261005_6E_1230,T+15,Economy,7367.2,1841.8,9209
2026-09-20,2026-10-05,2026-09-20 23:00:44,OTA_EaseMyTrip,DEL-BLR,IndiGo,DEL-BLR_20261005_6E_1300,T+15,Economy,7063.2,1765.8,8829
2026-09-20,2026-10-05,2026-09-20 23:00:44,OTA_EaseMyTrip,DEL-BLR,IndiGo,DEL-BLR_20261005_6E_1310,T+15,Economy,7981.6,1995.4,9977
2026-09-20,2026-10-05,2026-09-20 23:00:44,OTA_EaseMyTrip,DEL-BLR,IndiGo,DEL-BLR_20261005_6E_1315,T+15,Economy,7428.8,1857.2,9286
2026-09-20,2026-10-05,2026-09-20 23:00:44,OTA_EaseMyTrip,DEL-BLR,IndiGo,DEL-BLR_20261005_6E_1330,T+15,Economy,7813.6,1953.4,9767
2026-09-20,2026-10-05,2026-09-20 23:00:44,OTA_EaseMyTrip,DEL-BLR,IndiGo,DEL-BLR_20261005_6E_1400,T+15,Economy,7981.6,1995.4,9977
2026-09-20,2026-10-05,2026-09-20 23:00:53,OTA_GoogleFlights,DEL-BLR,IndiGo,DEL-BLR_20261005_6E_1430,T+15,Economy,7344.8,1836.2,9181
2026-09-20,2026-10-05,2026-09-20 23:00:44,OTA_EaseMyTrip,DEL-BLR,IndiGo,DEL-BLR_20261005_6E_1445,T+15,Economy,7813.6,1953.4,9767
2026-09-20,2026-10-05,2026-09-20 23:00:44,OTA_EaseMyTrip,DEL-BLR,IndiGo,DEL-BLR_20261005_6E_1450,T+15,Economy,7328.8,1832.2,9161
2026-09-20,2026-10-05,2026-09-20 23:00:44,OTA_EaseMyTrip,DEL-BLR,IndiGo,DEL-BLR_20261005_6E_1455,T+15,Economy,9143.2,2285.8,11429
2026-09-20,2026-10-05,2026-09-20 23:00:44,OTA_EaseMyTrip,DEL-BLR,IndiGo,DEL-BLR_20261005_6E_1515,T+15,Economy,7981.6,1995.4,9977
2026-09-20,2026-10-05,2026-09-20 23:00:44,OTA_EaseMyTrip,DEL-BLR,IndiGo,DEL-BLR_20261005_6E_1520,T+15,Economy,7328.8,1832.2,9161
2026-09-20,2026-10-05,2026-09-20 23:00:53,OTA_GoogleFlights,DEL-BLR,IndiGo,DEL-BLR_20261005_6E_1545,T+15,Economy,7344.8,1836.2,9181
2026-09-20,2026-10-05,2026-09-20 23:00:44,OTA_EaseMyTrip,DEL-BLR,IndiGo,DEL-BLR_20261005_6E_1550,T+15,Economy,8628.8,2157.2,10786
2026-09-20,2026-10-05,2026-09-20 23:00:44,OTA_EaseMyTrip,DEL-BLR,IndiGo,DEL-BLR_20261005_6E_1610,T+15,Economy,8460.8,2115.2,10576
2026-09-20,2026-10-05,2026-09-20 23:00:44,OTA_EaseMyTrip,DEL-BLR,IndiGo,DEL-BLR_20261005_6E_1615,T+15,Economy,8460.8,2115.2,10576
2026-09-20,2026-10-05,2026-09-20 23:00:44,OTA_EaseMyTrip,DEL-BLR,IndiGo,DEL-BLR_20261005_6E_1620,T+15,Economy,7328.8,1832.2,9161
2026-09-20,2026-10-05,2026-09-20 23:00:53,OTA_GoogleFlights,DEL-BLR,IndiGo,DEL-BLR_20261005_6E_1630,T+15,Economy,7732.8,1933.2,9666
2026-09-20,2026-10-05,2026-09-20 23:00:44,OTA_EaseMyTrip,DEL-BLR,IndiGo,DEL-BLR_20261005_6E_1655,T+15,Economy,7391.2,1847.8,9239
2026-09-20,2026-10-05,2026-09-20 23:00:53,OTA_GoogleFlights,DEL-BLR,IndiGo,DEL-BLR_20261005_6E_1700,T+15,Economy,8581.6,2145.4,10727
2026-09-20,2026-10-05,2026-09-20 23:00:44,OTA_EaseMyTrip,DEL-BLR,IndiGo,DEL-BLR_20261005_6E_1705,T+15,Economy,7328.8,1832.2,9161
2026-09-20,2026-10-05,2026-09-20 23:00:53,OTA_GoogleFlights,DEL-BLR,IndiGo,DEL-BLR_20261005_6E_1710,T+15,Economy,6897.6,1724.4,8622
2026-09-20,2026-10-05,2026-09-20 23:00:44,OTA_EaseMyTrip,DEL-BLR,IndiGo,DEL-BLR_20261005_6E_1720,T+15,Economy,7645.6,1911.4,9557
2026-09-20,2026-10-05,2026-09-20 23:00:44,OTA_EaseMyTrip,DEL-BLR,IndiGo,DEL-BLR_20261005_6E_1750,T+15,Economy,7981.6,1995.4,9977
2026-09-20,2026-10-05,2026-09-20 23:00:44,OTA_EaseMyTrip,DEL-BLR,IndiGo,DEL-BLR_20261005_6E_1755,T+15,Economy,7813.6,1953.4,9767
2026-09-20,2026-10-05,2026-09-20 23:00:44,OTA_EaseMyTrip,DEL-BLR,IndiGo,DEL-BLR_20261005_6E_1800,T+15,Economy,7328.8,1832.2,9161
2026-09-20,2026-10-05,2026-09-20 23:00:44,OTA_EaseMyTrip,DEL-BLR,IndiGo,DEL-BLR_20261005_6E_1815,T+15,Economy,7981.6,1995.4,9977
2026-09-20,2026-10-05,2026-09-20 23:00:53,OTA_GoogleFlights,DEL-BLR,IndiGo,DEL-BLR_20261005_6E_1820,T+15,Economy,7732.8,1933.2,9666
2026-09-20,2026-10-05,2026-09-20 23:00:44,OTA_EaseMyTrip,DEL-BLR,IndiGo,DEL-BLR_20261005_6E_1830,T+15,Economy,7328.8,1832.2,9161
2026-09-20,2026-10-05,2026-09-20 23:00:44,OTA_EaseMyTrip,DEL-BLR,IndiGo,DEL-BLR_20261005_6E_1840,T+15,Economy,6960.8,1740.2,8701
2026-09-20,2026-10-05,2026-09-20 23:00:53,OTA_GoogleFlights,DEL-BLR,IndiGo,DEL-BLR_20261005_6E_1930,T+15,Economy,7732.8,1933.2,9666
2026-09-20,2026-10-05,2026-09-20 23:00:53,OTA_GoogleFlights,DEL-BLR,IndiGo,DEL-BLR_20261005_6E_2045,T+15,Economy,6979.2,1744.8,8724
2026-09-20,2026-10-05,2026-09-20 23:00:44,OTA_EaseMyTrip,DEL-BLR,IndiGo,DEL-BLR_20261005_6E_2115,T+15,Economy,7328.8,1832.2,9161
2026-09-20,2026-10-05,2026-09-20 23:00:53,OTA_GoogleFlights,DEL-BLR,IndiGo,DEL-BLR_20261005_6E_2200,T+15,Economy,7344.8,1836.2,9181
2026-09-20,2026-10-05,2026-09-20 23:00:53,OTA_GoogleFlights,DEL-BLR,IndiGo,DEL-BLR_20261005_6E_2255,T+15,Economy,7344.8,1836.2,9181
2026-09-20,2026-10-05,2026-09-20 23:00:44,OTA_EaseMyTrip,DEL-BLR,IndiGo,DEL-BLR_20261005_6E_2300,T+15,Economy,7328.8,1832.2,9161
2026-09-20,2026-10-05,2026-09-20 23:00:53,OTA_GoogleFlights,DEL-BLR,IndiGo,DEL-BLR_20261005_6E_2330,T+15,Economy,6979.2,1744.8,8724
2026-09-20,2026-10-05,2026-09-20 23:00:44,OTA_EaseMyTrip,DEL-BLR,Air India,DEL-BLR_20261005_AI_0200,T+15,Economy,12789.6,3197.4,15987
2026-09-20,2026-10-05,2026-09-20 23:00:53,OTA_GoogleFlights,DEL-BLR,Air India,DEL-BLR_20261005_AI_0300,T+15,Economy,9206.4,2301.6,11508
2026-09-20,2026-10-05,2026-09-20 23:00:53,OTA_GoogleFlights,DEL-BLR,Air India,DEL-BLR_20261005_AI_0430,T+15,Economy,9958.4,2489.6,12448
2026-09-20,2026-10-05,2026-09-20 23:00:44,OTA_EaseMyTrip,DEL-BLR,Air India,DEL-BLR_20261005_AI_0440,T+15,Economy,9629.6,2407.4,12037
2026-09-20,2026-10-05,2026-09-20 23:00:44,OTA_EaseMyTrip,DEL-BLR,Air India,DEL-BLR_20261005_AI_0500,T+15,Economy,14647.2,3661.8,18309
2026-09-20,2026-10-05,2026-09-20 23:00:44,OTA_EaseMyTrip,DEL-BLR,Air India,DEL-BLR_20261005_AI_0535,T+15,Economy,9461.6,2365.4,11827
2026-09-20,2026-10-05,2026-09-20 23:00:44,OTA_EaseMyTrip,DEL-BLR,Air India,DEL-BLR_20261005_AI_0545,T+15,Economy,8885.6,2221.4,11107
2026-09-20,2026-10-05,2026-09-20 23:00:44,OTA_EaseMyTrip,DEL-BLR,Air India,DEL-BLR_20261005_AI_0600,T+15,Economy,7181.6,1795.4,8977
2026-09-20,2026-10-05,2026-09-20 23:00:44,OTA_EaseMyTrip,DEL-BLR,Air India,DEL-BLR_20261005_AI_0610,T+15,Economy,7013.6,1753.4,8767
2026-09-20,2026-10-05,2026-09-20 23:00:44,OTA_EaseMyTrip,DEL-BLR,Air India,DEL-BLR_20261005_AI_0615,T+15,Economy,10132.0,2533.0,12665
2026-09-20,2026-10-05,2026-09-20 23:00:44,OTA_EaseMyTrip,DEL-BLR,Air India,DEL-BLR_20261005_AI_0620,T+15,Economy,19796.0,4949.0,24745
2026-09-20,2026-10-05,2026-09-20 23:00:44,OTA_EaseMyTrip,DEL-BLR,Air India,DEL-BLR_20261005_AI_0630,T+15,Economy,7181.6,1795.4,8977
2026-09-20,2026-10-05,2026-09-20 23:00:44,OTA_EaseMyTrip,DEL-BLR,Air India,DEL-BLR_20261005_AI_0650,T+15,Economy,10900.8,2725.2,13626
2026-09-20,2026-10-05,2026-09-20 23:00:44,OTA_EaseMyTrip,DEL-BLR,Air India,DEL-BLR_20261005_AI_0700,T+15,Economy,9545.6,2386.4,11932
2026-09-20,2026-10-05,2026-09-20 23:00:44,OTA_EaseMyTrip,DEL-BLR,Air India,DEL-BLR_20261005_AI_0720,T+15,Economy,19460.0,4865.0,24325
2026-09-20,2026-10-05,2026-09-20 23:00:44,OTA_EaseMyTrip,DEL-BLR,Air India,DEL-BLR_20261005_AI_0730,T+15,Economy,14604.0,3651.0,18255
2026-09-20,2026-10-05,2026-09-20 23:00:44,OTA_EaseMyTrip,DEL-BLR,Air India,DEL-BLR_20261005_AI_0810,T+15,Economy,8885.6,2221.4,11107
2026-09-20,2026-10-05,2026-09-20 23:00:44,OTA_EaseMyTrip,DEL-BLR,Air India,DEL-BLR_20261005_AI_0830,T+15,Economy,8624.0,2156.0,10780
2026-09-20,2026-10-05,2026-09-20 23:00:44,OTA_EaseMyTrip,DEL-BLR,Air India,DEL-BLR_20261005_AI_0900,T+15,Economy,12891.2,3222.8,16114
2026-09-20,2026-10-05,2026-09-20 23:00:44,OTA_EaseMyTrip,DEL-BLR,Air India,DEL-BLR_20261005_AI_0920,T+15,Economy,13900.0,3475.0,17375
2026-09-20,2026-10-05,2026-09-20 23:00:53,OTA_GoogleFlights,DEL-BLR,Air India,DEL-BLR_20261005_AI_0930,T+15,Economy,8282.4,2070.6,10353
2026-09-20,2026-10-05,2026-09-20 23:00:44,OTA_EaseMyTrip,DEL-BLR,Air India,DEL-BLR_20261005_AI_0955,T+15,Economy,10900.8,2725.2,13626
2026-09-20,2026-10-05,2026-09-20 23:00:44,OTA_EaseMyTrip,DEL-BLR,Air India,DEL-BLR_20261005_AI_1025,T+15,Economy,8279.2,2069.8,10349
2026-09-20,2026-10-05,2026-09-20 23:00:44,OTA_EaseMyTrip,DEL-BLR,Air India,DEL-BLR_20261005_AI_1030,T+15,Economy,8341.6,2085.4,10427
2026-09-20,2026-10-05,2026-09-20 23:00:53,OTA_GoogleFlights,DEL-BLR,Air India,DEL-BLR_20261005_AI_1045,T+15,Economy,8282.4,2070.6,10353
2026-09-20,2026-10-05,2026-09-20 23:00:44,OTA_EaseMyTrip,DEL-BLR,Air India,DEL-BLR_20261005_AI_1100,T+15,Economy,7228.0,1807.0,9035
2026-09-20,2026-10-05,2026-09-20 23:00:44,OTA_EaseMyTrip,DEL-BLR,Air India,DEL-BLR_20261005_AI_1115,T+15,Economy,12557.6,3139.4,15697
2026-09-20,2026-10-05,2026-09-20 23:00:44,OTA_EaseMyTrip,DEL-BLR,Air India,DEL-BLR_20261005_AI_1120,T+15,Economy,10132.0,2533.0,12665
2026-09-20,2026-10-05,2026-09-20 23:00:44,OTA_EaseMyTrip,DEL-BLR,Air India,DEL-BLR_20261005_AI_1150,T+15,Economy,7181.6,1795.4,8977
2026-09-20,2026-10-05,2026-09-20 23:00:44,OTA_EaseMyTrip,DEL-BLR,Air India,DEL-BLR_20261005_AI_1155,T+15,Economy,12631.2,3157.8,15789
2026-09-20,2026-10-05,2026-09-20 23:00:44,OTA_EaseMyTrip,DEL-BLR,Air India,DEL-BLR_20261005_AI_1205,T+15,Economy,7181.6,1795.4,8977
2026-09-20,2026-10-05,2026-09-20 23:00:44,OTA_EaseMyTrip,DEL-BLR,Air India,DEL-BLR_20261005_AI_1220,T+15,Economy,11358.4,2839.6,14198
2026-09-20,2026-10-05,2026-09-20 23:00:44,OTA_EaseMyTrip,DEL-BLR,Air India,DEL-BLR_20261005_AI_1230,T+15,Economy,11729.6,2932.4,14662
2026-09-20,2026-10-05,2026-09-20 23:00:44,OTA_EaseMyTrip,DEL-BLR,Air India,DEL-BLR_20261005_AI_1255,T+15,Economy,15499.2,3874.8,19374
2026-09-20,2026-10-05,2026-09-20 23:00:53,OTA_GoogleFlights,DEL-BLR,Air India,DEL-BLR_20261005_AI_1300,T+15,Economy,11062.4,2765.6,13828
2026-09-20,2026-10-05,2026-09-20 23:00:44,OTA_EaseMyTrip,DEL-BLR,Air India,DEL-BLR_20261005_AI_1310,T+15,Economy,7181.6,1795.4,8977
2026-09-20,2026-10-05,2026-09-20 23:00:53,OTA_GoogleFlights,DEL-BLR,Air India,DEL-BLR_20261005_AI_1410,T+15,Economy,7992.8,1998.2,9991
2026-09-20,2026-10-05,2026-09-20 23:00:44,OTA_EaseMyTrip,DEL-BLR,Air India,DEL-BLR_20261005_AI_1420,T+15,Economy,8496.0,2124.0,10620
2026-09-20,2026-10-05,2026-09-20 23:00:44,OTA_EaseMyTrip,DEL-BLR,Air India,DEL-BLR_20261005_AI_1430,T+15,Economy,11639.2,2909.8,14549
2026-09-20,2026-10-05,2026-09-20 23:00:53,OTA_GoogleFlights,DEL-BLR,Air India,DEL-BLR_20261005_AI_1500,T+15,Economy,9361.6,2340.4,11702
2026-09-20,2026-10-05,2026-09-20 23:00:44,OTA_EaseMyTrip,DEL-BLR,Air India,DEL-BLR_20261005_AI_1530,T+15,Economy,11729.6,2932.4,14662
2026-09-20,2026-10-05,2026-09-20 23:00:53,OTA_GoogleFlights,DEL-BLR,Air India,DEL-BLR_20261005_AI_1550,T+15,Economy,7732.0,1933.0,9665
2026-09-20,2026-10-05,2026-09-20 23:00:44,OTA_EaseMyTrip,DEL-BLR,Air India,DEL-BLR_20261005_AI_1600,T+15,Economy,10806.4,2701.6,13508
2026-09-20,2026-10-05,2026-09-20 23:00:44,OTA_EaseMyTrip,DEL-BLR,Air India,DEL-BLR_20261005_AI_1620,T+15,Economy,9789.6,2447.4,12237
2026-09-20,2026-10-05,2026-09-20 23:00:53,OTA_GoogleFlights,DEL-BLR,Air India,DEL-BLR_20261005_AI_1630,T+15,Economy,7732.0,1933.0,9665
2026-09-20,2026-10-05,2026-09-20 23:00:53,OTA_GoogleFlights,DEL-BLR,Air India,DEL-BLR_20261005_AI_1700,T+15,Economy,8803.2,2200.8,11004
2026-09-20,2026-10-05,2026-09-20 23:00:44,OTA_EaseMyTrip,DEL-BLR,Air India,DEL-BLR_20261005_AI_1735,T+15,Economy,7147.2,1786.8,8934
2026-09-20,2026-10-05,2026-09-20 23:00:44,OTA_EaseMyTrip,DEL-BLR,Air India,DEL-BLR_20261005_AI_1740,T+15,Economy,10664.8,2666.2,13331
2026-09-20,2026-10-05,2026-09-20 23:00:44,OTA_EaseMyTrip,DEL-BLR,Air India,DEL-BLR_20261005_AI_1800,T+15,Economy,7679.2,1919.8,9599
2026-09-20,2026-10-05,2026-09-20 23:00:44,OTA_EaseMyTrip,DEL-BLR,Air India,DEL-BLR_20261005_AI_1830,T+15,Economy,7679.2,1919.8,9599
2026-09-20,2026-10-05,2026-09-20 23:00:44,OTA_EaseMyTrip,DEL-BLR,Air India,DEL-BLR_20261005_AI_1835,T+15,Economy,8151.2,2037.8,10189
2026-09-20,2026-10-05,2026-09-20 23:00:53,OTA_GoogleFlights,DEL-BLR,Air India,DEL-BLR_20261005_AI_1900,T+15,Economy,7652.0,1913.0,9565
2026-09-20,2026-10-05,2026-09-20 23:00:44,OTA_EaseMyTrip,DEL-BLR,Air India,DEL-BLR_20261005_AI_1910,T+15,Economy,10876.8,2719.2,13596
2026-09-20,2026-10-05,2026-09-20 23:00:53,OTA_GoogleFlights,DEL-BLR,Air India,DEL-BLR_20261005_AI_1930,T+15,Economy,7467.2,1866.8,9334
2026-09-20,2026-10-05,2026-09-20 23:00:44,OTA_EaseMyTrip,DEL-BLR,Air India,DEL-BLR_20261005_AI_2000,T+15,Economy,9283.2,2320.8,11604
2026-09-20,2026-10-05,2026-09-20 23:00:44,OTA_EaseMyTrip,DEL-BLR,Air India,DEL-BLR_20261005_AI_2030,T+15,Economy,8151.2,2037.8,10189
2026-09-20,2026-10-05,2026-09-20 23:00:53,OTA_GoogleFlights,DEL-BLR,Air India,DEL-BLR_20261005_AI_2045,T+15,Economy,7338.4,1834.6,9173
2026-09-20,2026-10-05,2026-09-20 23:00:53,OTA_GoogleFlights,DEL-BLR,Air India,DEL-BLR_20261005_AI_2050,T+15,Economy,7345.6,1836.4,9182
2026-09-20,2026-10-05,2026-09-20 23:00:44,OTA_EaseMyTrip,DEL-BLR,Air India,DEL-BLR_20261005_AI_2100,T+15,Economy,7222.4,1805.6,9028
2026-09-20,2026-10-05,2026-09-20 23:00:53,OTA_GoogleFlights,DEL-BLR,Air India,DEL-BLR_20261005_AI_2130,T+15,Economy,7345.6,1836.4,9182
2026-09-20,2026-10-05,2026-09-20 23:00:53,OTA_GoogleFlights,DEL-BLR,Air India,DEL-BLR_20261005_AI_2155,T+15,Economy,8492.0,2123.0,10615
2026-09-20,2026-10-05,2026-09-20 23:00:44,OTA_EaseMyTrip,DEL-BLR,Air India,DEL-BLR_20261005_AI_2200,T+15,Economy,7062.4,1765.6,8828
2026-09-20,2026-10-05,2026-09-20 23:00:44,OTA_EaseMyTrip,DEL-BLR,Air India,DEL-BLR_20261005_AI_2300,T+15,Economy,10515.2,2628.8,13144
2026-09-20,2026-10-05,2026-09-20 23:00:44,OTA_EaseMyTrip,DEL-BLR,Air India,DEL-BLR_20261005_AI_2325,T+15,Economy,7181.6,1795.4,8977
2026-09-20,2026-10-05,2026-09-20 23:00:53,OTA_GoogleFlights,DEL-BLR,Air India,DEL-BLR_20261005_AI_2330,T+15,Economy,7127.2,1781.8,8909
2026-09-20,2026-10-05,2026-09-20 23:00:44,OTA_EaseMyTrip,DEL-BLR,Air India Express,DEL-BLR_20261005_IX_0440,T+15,Economy,9629.6,2407.4,12037
2026-09-20,2026-10-05,2026-09-20 23:00:44,OTA_EaseMyTrip,DEL-BLR,Air India Express,DEL-BLR_20261005_IX_0500,T+15,Economy,14647.2,3661.8,18309
2026-09-20,2026-10-05,2026-09-20 23:00:44,OTA_EaseMyTrip,DEL-BLR,Air India Express,DEL-BLR_20261005_IX_0535,T+15,Economy,9461.6,2365.4,11827
2026-09-20,2026-10-05,2026-09-20 23:00:44,OTA_EaseMyTrip,DEL-BLR,Air India Express,DEL-BLR_20261005_IX_0545,T+15,Economy,8885.6,2221.4,11107
2026-09-20,2026-10-05,2026-09-20 23:00:44,OTA_EaseMyTrip,DEL-BLR,Air India Express,DEL-BLR_20261005_IX_0600,T+15,Economy,7181.6,1795.4,8977
2026-09-20,2026-10-05,2026-09-20 23:00:44,OTA_EaseMyTrip,DEL-BLR,Air India Express,DEL-BLR_20261005_IX_0610,T+15,Economy,7013.6,1753.4,8767
2026-09-20,2026-10-05,2026-09-20 23:00:44,OTA_EaseMyTrip,DEL-BLR,Air India Express,DEL-BLR_20261005_IX_0620,T+15,Economy,19796.0,4949.0,24745
2026-09-20,2026-10-05,2026-09-20 23:00:44,OTA_EaseMyTrip,DEL-BLR,Air India Express,DEL-BLR_20261005_IX_0630,T+15,Economy,7181.6,1795.4,8977
2026-09-20,2026-10-05,2026-09-20 23:00:44,OTA_EaseMyTrip,DEL-BLR,Air India Express,DEL-BLR_20261005_IX_0650,T+15,Economy,10900.8,2725.2,13626
2026-09-20,2026-10-05,2026-09-20 23:00:44,OTA_EaseMyTrip,DEL-BLR,Air India Express,DEL-BLR_20261005_IX_0720,T+15,Economy,19460.0,4865.0,24325
2026-09-20,2026-10-05,2026-09-20 23:00:44,OTA_EaseMyTrip,DEL-BLR,Air India Express,DEL-BLR_20261005_IX_0810,T+15,Economy,8885.6,2221.4,11107
2026-09-20,2026-10-05,2026-09-20 23:00:44,OTA_EaseMyTrip,DEL-BLR,Air India Express,DEL-BLR_20261005_IX_0900,T+15,Economy,12891.2,3222.8,16114
2026-09-20,2026-10-05,2026-09-20 23:00:53,OTA_GoogleFlights,DEL-BLR,Air India Express,DEL-BLR_20261005_IX_0930,T+15,Economy,8393.6,2098.4,10492
2026-09-20,2026-10-05,2026-09-20 23:00:44,OTA_EaseMyTrip,DEL-BLR,Air India Express,DEL-BLR_20261005_IX_0955,T+15,Economy,10900.8,2725.2,13626
2026-09-20,2026-10-05,2026-09-20 23:00:44,OTA_EaseMyTrip,DEL-BLR,Air India Express,DEL-BLR_20261005_IX_1025,T+15,Economy,8279.2,2069.8,10349
2026-09-20,2026-10-05,2026-09-20 23:00:44,OTA_EaseMyTrip,DEL-BLR,Air India Express,DEL-BLR_20261005_IX_1045,T+15,Economy,15657.6,3914.4,19572
2026-09-20,2026-10-05,2026-09-20 23:00:44,OTA_EaseMyTrip,DEL-BLR,Air India Express,DEL-BLR_20261005_IX_1100,T+15,Economy,7228.0,1807.0,9035
2026-09-20,2026-10-05,2026-09-20 23:00:44,OTA_EaseMyTrip,DEL-BLR,Air India Express,DEL-BLR_20261005_IX_1115,T+15,Economy,12557.6,3139.4,15697
2026-09-20,2026-10-05,2026-09-20 23:00:44,OTA_EaseMyTrip,DEL-BLR,Air India Express,DEL-BLR_20261005_IX_1150,T+15,Economy,7181.6,1795.4,8977
2026-09-20,2026-10-05,2026-09-20 23:00:44,OTA_EaseMyTrip,DEL-BLR,Air India Express,DEL-BLR_20261005_IX_1155,T+15,Economy,12631.2,3157.8,15789
2026-09-20,2026-10-05,2026-09-20 23:00:44,OTA_EaseMyTrip,DEL-BLR,Air India Express,DEL-BLR_20261005_IX_1205,T+15,Economy,7181.6,1795.4,8977
2026-09-20,2026-10-05,2026-09-20 23:00:44,OTA_EaseMyTrip,DEL-BLR,Air India Express,DEL-BLR_20261005_IX_1255,T+15,Economy,15499.2,3874.8,19374
2026-09-20,2026-10-05,2026-09-20 23:00:44,OTA_EaseMyTrip,DEL-BLR,Air India Express,DEL-BLR_20261005_IX_1310,T+15,Economy,7181.6,1795.4,8977
2026-09-20,2026-10-05,2026-09-20 23:00:44,OTA_EaseMyTrip,DEL-BLR,Air India Express,DEL-BLR_20261005_IX_1735,T+15,Economy,7147.2,1786.8,8934
2026-09-20,2026-10-05,2026-09-20 23:00:53,OTA_GoogleFlights,DEL-BLR,Air India Express,DEL-BLR_20261005_IX_2045,T+15,Economy,7338.4,1834.6,9173
2026-09-20,2026-10-05,2026-09-20 23:00:44,OTA_EaseMyTrip,DEL-BLR,Air India Express,DEL-BLR_20261005_IX_2100,T+15,Economy,7222.4,1805.6,9028
2026-09-20,2026-10-05,2026-09-20 23:00:44,OTA_EaseMyTrip,DEL-BLR,Air India Express,DEL-BLR_20261005_IX_2200,T+15,Economy,7062.4,1765.6,8828
2026-09-20,2026-10-05,2026-09-20 23:00:44,OTA_EaseMyTrip,DEL-BLR,Air India Express,DEL-BLR_20261005_IX_2325,T+15,Economy,7181.6,1795.4,8977
2026-09-20,2026-10-05,2026-09-20 23:00:53,OTA_GoogleFlights,DEL-BLR,Air India Express,DEL-BLR_20261005_IX_2330,T+15,Economy,7127.2,1781.8,8909
2026-09-20,2026-10-05,2026-09-20 23:00:53,OTA_GoogleFlights,DEL-BLR,Akasa Air,DEL-BLR_20261005_QP_1025,T+15,Economy,8464.8,2116.2,10581
2026-09-20,2026-10-05,2026-09-20 23:00:53,OTA_GoogleFlights,DEL-BLR,Akasa Air,DEL-BLR_20261005_QP_1410,T+15,Economy,7880.8,1970.2,9851
2026-09-20,2026-10-05,2026-09-20 23:00:53,OTA_GoogleFlights,DEL-BLR,Akasa Air,DEL-BLR_20261005_QP_1930,T+15,Economy,7742.4,1935.6,9678
2026-09-20,2026-10-05,2026-09-20 23:00:53,OTA_GoogleFlights,DEL-BLR,Akasa Air,DEL-BLR_20261005_QP_2100,T+15,Economy,7343.2,1835.8,9179
2026-09-20,2026-10-05,2026-09-20 23:00:53,OTA_GoogleFlights,DEL-BLR,Akasa Air,DEL-BLR_20261005_QP_2200,T+15,Economy,7343.2,1835.8,9179
2026-09-20,2026-10-20,2026-09-20 23:01:33,OTA_GoogleFlights,DEL-BLR,IndiGo,DEL-BLR_20261020_6E_0105,T+30,Economy,7864.8,1966.2,9831
2026-09-20,2026-10-20,2026-09-20 23:01:24,OTA_EaseMyTrip,DEL-BLR,IndiGo,DEL-BLR_20261020_6E_0225,T+30,Economy,7956.8,1989.2,9946
2026-09-20,2026-10-20,2026-09-20 23:01:24,OTA_EaseMyTrip,DEL-BLR,IndiGo,DEL-BLR_20261020_6E_0255,T+30,Economy,8124.8,2031.2,10156
2026-09-20,2026-10-20,2026-09-20 23:01:33,OTA_GoogleFlights,DEL-BLR,IndiGo,DEL-BLR_20261020_6E_0300,T+30,Economy,7864.8,1966.2,9831
2026-09-20,2026-10-20,2026-09-20 23:01:24,OTA_EaseMyTrip,DEL-BLR,IndiGo,DEL-BLR_20261020_6E_0500,T+30,Economy,8061.6,2015.4,10077
2026-09-20,2026-10-20,2026-09-20 23:01:24,OTA_EaseMyTrip,DEL-BLR,IndiGo,DEL-BLR_20261020_6E_0510,T+30,Economy,8061.6,2015.4,10077
2026-09-20,2026-10-20,2026-09-20 23:01:24,OTA_EaseMyTrip,DEL-BLR,IndiGo,DEL-BLR_20261020_6E_0530,T+30,Economy,7956.8,1989.2,9946
2026-09-20,2026-10-20,2026-09-20 23:01:33,OTA_GoogleFlights,DEL-BLR,IndiGo,DEL-BLR_20261020_6E_0545,T+30,Economy,7864.8,1966.2,9831
2026-09-20,2026-10-20,2026-09-20 23:01:24,OTA_EaseMyTrip,DEL-BLR,IndiGo,DEL-BLR_20261020_6E_0550,T+30,Economy,7619.2,1904.8,9524
2026-09-20,2026-10-20,2026-09-20 23:01:24,OTA_EaseMyTrip,DEL-BLR,IndiGo,DEL-BLR_20261020_6E_0555,T+30,Economy,8061.6,2015.4,10077
2026-09-20,2026-10-20,2026-09-20 23:01:24,OTA_EaseMyTrip,DEL-BLR,IndiGo,DEL-BLR_20261020_6E_0615,T+30,Economy,9008.0,2252.0,11260
2026-09-20,2026-10-20,2026-09-20 23:01:33,OTA_GoogleFlights,DEL-BLR,IndiGo,DEL-BLR_20261020_6E_0705,T+30,Economy,7864.8,1966.2,9831
2026-09-20,2026-10-20,2026-09-20 23:01:24,OTA_EaseMyTrip,DEL-BLR,IndiGo,DEL-BLR_20261020_6E_0810,T+30,Economy,8848.8,2212.2,11061
2026-09-20,2026-10-20,2026-09-20 23:01:33,OTA_GoogleFlights,DEL-BLR,IndiGo,DEL-BLR_20261020_6E_0820,T+30,Economy,7864.8,1966.2,9831
2026-09-20,2026-10-20,2026-09-20 23:01:24,OTA_EaseMyTrip,DEL-BLR,IndiGo,DEL-BLR_20261020_6E_0830,T+30,Economy,10432.0,2608.0,13040
2026-09-20,2026-10-20,2026-09-20 23:01:33,OTA_GoogleFlights,DEL-BLR,IndiGo,DEL-BLR_20261020_6E_0930,T+30,Economy,7864.8,1966.2,9831
2026-09-20,2026-10-20,2026-09-20 23:01:24,OTA_EaseMyTrip,DEL-BLR,IndiGo,DEL-BLR_20261020_6E_0955,T+30,Economy,7956.8,1989.2,9946
2026-09-20,2026-10-20,2026-09-20 23:01:24,OTA_EaseMyTrip,DEL-BLR,IndiGo,DEL-BLR_20261020_6E_1025,T+30,Economy,8124.8,2031.2,10156
2026-09-20,2026-10-20,2026-09-20 23:01:33,OTA_GoogleFlights,DEL-BLR,IndiGo,DEL-BLR_20261020_6E_1045,T+30,Economy,7864.8,1966.2,9831
2026-09-20,2026-10-20,2026-09-20 23:01:24,OTA_EaseMyTrip,DEL-BLR,IndiGo,DEL-BLR_20261020_6E_1110,T+30,Economy,8124.8,2031.2,10156
2026-09-20,2026-10-20,2026-09-20 23:01:24,OTA_EaseMyTrip,DEL-BLR,IndiGo,DEL-BLR_20261020_6E_1120,T+30,Economy,8680.8,2170.2,10851
2026-09-20,2026-10-20,2026-09-20 23:01:24,OTA_EaseMyTrip,DEL-BLR,IndiGo,DEL-BLR_20261020_6E_1145,T+30,Economy,7956.8,1989.2,9946
2026-09-20,2026-10-20,2026-09-20 23:01:33,OTA_GoogleFlights,DEL-BLR,IndiGo,DEL-BLR_20261020_6E_1215,T+30,Economy,7864.8,1966.2,9831
2026-09-20,2026-10-20,2026-09-20 23:01:24,OTA_EaseMyTrip,DEL-BLR,IndiGo,DEL-BLR_20261020_6E_1230,T+30,Economy,8636.8,2159.2,10796
2026-09-20,2026-10-20,2026-09-20 23:01:24,OTA_EaseMyTrip,DEL-BLR,IndiGo,DEL-BLR_20261020_6E_1300,T+30,Economy,7948.8,1987.2,9936
2026-09-20,2026-10-20,2026-09-20 23:01:24,OTA_EaseMyTrip,DEL-BLR,IndiGo,DEL-BLR_20261020_6E_1310,T+30,Economy,8124.8,2031.2,10156
2026-09-20,2026-10-20,2026-09-20 23:01:33,OTA_GoogleFlights,DEL-BLR,IndiGo,DEL-BLR_20261020_6E_1315,T+30,Economy,7864.8,1966.2,9831
2026-09-20,2026-10-20,2026-09-20 23:01:24,OTA_EaseMyTrip,DEL-BLR,IndiGo,DEL-BLR_20261020_6E_1330,T+30,Economy,7956.8,1989.2,9946
2026-09-20,2026-10-20,2026-09-20 23:01:24,OTA_EaseMyTrip,DEL-BLR,IndiGo,DEL-BLR_20261020_6E_1400,T+30,Economy,12239.2,3059.8,15299
2026-09-20,2026-10-20,2026-09-20 23:01:33,OTA_GoogleFlights,DEL-BLR,IndiGo,DEL-BLR_20261020_6E_1415,T+30,Economy,7809.6,1952.4,9762
2026-09-20,2026-10-20,2026-09-20 23:01:33,OTA_GoogleFlights,DEL-BLR,IndiGo,DEL-BLR_20261020_6E_1430,T+30,Economy,7864.8,1966.2,9831
2026-09-20,2026-10-20,2026-09-20 23:01:24,OTA_EaseMyTrip,DEL-BLR,IndiGo,DEL-BLR_20261020_6E_1445,T+30,Economy,7956.8,1989.2,9946
2026-09-20,2026-10-20,2026-09-20 23:01:24,OTA_EaseMyTrip,DEL-BLR,IndiGo,DEL-BLR_20261020_6E_1450,T+30,Economy,8061.6,2015.4,10077
2026-09-20,2026-10-20,2026-09-20 23:01:24,OTA_EaseMyTrip,DEL-BLR,IndiGo,DEL-BLR_20261020_6E_1455,T+30,Economy,10014.4,2503.6,12518
2026-09-20,2026-10-20,2026-09-20 23:01:24,OTA_EaseMyTrip,DEL-BLR,IndiGo,DEL-BLR_20261020_6E_1515,T+30,Economy,8124.8,2031.2,10156
2026-09-20,2026-10-20,2026-09-20 23:01:24,OTA_EaseMyTrip,DEL-BLR,IndiGo,DEL-BLR_20261020_6E_1520,T+30,Economy,8680.8,2170.2,10851
2026-09-20,2026-10-20,2026-09-20 23:01:33,OTA_GoogleFlights,DEL-BLR,IndiGo,DEL-BLR_20261020_6E_1545,T+30,Economy,7864.8,1966.2,9831
2026-09-20,2026-10-20,2026-09-20 23:01:24,OTA_EaseMyTrip,DEL-BLR,IndiGo,DEL-BLR_20261020_6E_1550,T+30,Economy,10967.2,2741.8,13709
2026-09-20,2026-10-20,2026-09-20 23:01:24,OTA_EaseMyTrip,DEL-BLR,IndiGo,DEL-BLR_20261020_6E_1610,T+30,Economy,8576.0,2144.0,10720
2026-09-20,2026-10-20,2026-09-20 23:01:24,OTA_EaseMyTrip,DEL-BLR,IndiGo,DEL-BLR_20261020_6E_1615,T+30,Economy,10799.2,2699.8,13499
2026-09-20,2026-10-20,2026-09-20 23:01:24,OTA_EaseMyTrip,DEL-BLR,IndiGo,DEL-BLR_20261020_6E_1620,T+30,Economy,8680.8,2170.2,10851
2026-09-20,2026-10-20,2026-09-20 23:01:24,OTA_EaseMyTrip,DEL-BLR,IndiGo,DEL-BLR_20261020_6E_1630,T+30,Economy,7893.6,1973.4,9867
2026-09-20,2026-10-20,2026-09-20 23:01:24,OTA_EaseMyTrip,DEL-BLR,IndiGo,DEL-BLR_20261020_6E_1655,T+30,Economy,8124.8,2031.2,10156
2026-09-20,2026-10-20,2026-09-20 23:01:33,OTA_GoogleFlights,DEL-BLR,IndiGo,DEL-BLR_20261020_6E_1700,T+30,Economy,7864.8,1966.2,9831
2026-09-20,2026-10-20,2026-09-20 23:01:24,OTA_EaseMyTrip,DEL-BLR,IndiGo,DEL-BLR_20261020_6E_1705,T+30,Economy,10096.0,2524.0,12620
2026-09-20,2026-10-20,2026-09-20 23:01:24,OTA_EaseMyTrip,DEL-BLR,IndiGo,DEL-BLR_20261020_6E_1710,T+30,Economy,11093.6,2773.4,13867
2026-09-20,2026-10-20,2026-09-20 23:01:24,OTA_EaseMyTrip,DEL-BLR,IndiGo,DEL-BLR_20261020_6E_1720,T+30,Economy,8061.6,2015.4,10077
2026-09-20,2026-10-20,2026-09-20 23:01:24,OTA_EaseMyTrip,DEL-BLR,IndiGo,DEL-BLR_20261020_6E_1750,T+30,Economy,10159.2,2539.8,12699
2026-09-20,2026-10-20,2026-09-20 23:01:24,OTA_EaseMyTrip,DEL-BLR,IndiGo,DEL-BLR_20261020_6E_1755,T+30,Economy,10799.2,2699.8,13499
2026-09-20,2026-10-20,2026-09-20 23:01:24,OTA_EaseMyTrip,DEL-BLR,IndiGo,DEL-BLR_20261020_6E_1800,T+30,Economy,8061.6,2015.4,10077
2026-09-20,2026-10-20,2026-09-20 23:01:24,OTA_EaseMyTrip,DEL-BLR,IndiGo,DEL-BLR_20261020_6E_1815,T+30,Economy,8124.8,2031.2,10156
2026-09-20,2026-10-20,2026-09-20 23:01:33,OTA_GoogleFlights,DEL-BLR,IndiGo,DEL-BLR_20261020_6E_1820,T+30,Economy,7864.8,1966.2,9831
2026-09-20,2026-10-20,2026-09-20 23:01:24,OTA_EaseMyTrip,DEL-BLR,IndiGo,DEL-BLR_20261020_6E_1830,T+30,Economy,8061.6,2015.4,10077
2026-09-20,2026-10-20,2026-09-20 23:01:24,OTA_EaseMyTrip,DEL-BLR,IndiGo,DEL-BLR_20261020_6E_1840,T+30,Economy,8848.8,2212.2,11061
2026-09-20,2026-10-20,2026-09-20 23:01:33,OTA_GoogleFlights,DEL-BLR,IndiGo,DEL-BLR_20261020_6E_1900,T+30,Economy,8195.2,2048.8,10244
2026-09-20,2026-10-20,2026-09-20 23:01:24,OTA_EaseMyTrip,DEL-BLR,IndiGo,DEL-BLR_20261020_6E_1930,T+30,Economy,8279.2,2069.8,10349
2026-09-20,2026-10-20,2026-09-20 23:01:33,OTA_GoogleFlights,DEL-BLR,IndiGo,DEL-BLR_20261020_6E_2045,T+30,Economy,7864.8,1966.2,9831
2026-09-20,2026-10-20,2026-09-20 23:01:24,OTA_EaseMyTrip,DEL-BLR,IndiGo,DEL-BLR_20261020_6E_2115,T+30,Economy,11183.2,2795.8,13979
2026-09-20,2026-10-20,2026-09-20 23:01:33,OTA_GoogleFlights,DEL-BLR,IndiGo,DEL-BLR_20261020_6E_2200,T+30,Economy,7864.8,1966.2,9831
2026-09-20,2026-10-20,2026-09-20 23:01:24,OTA_EaseMyTrip,DEL-BLR,IndiGo,DEL-BLR_20261020_6E_2300,T+30,Economy,9322.4,2330.6,11653
2026-09-20,2026-10-20,2026-09-20 23:01:33,OTA_GoogleFlights,DEL-BLR,IndiGo,DEL-BLR_20261020_6E_2330,T+30,Economy,7864.8,1966.2,9831
2026-09-20,2026-10-20,2026-09-20 23:01:24,OTA_EaseMyTrip,DEL-BLR,Air India,DEL-BLR_20261020_AI_0015,T+30,Economy,8204.8,2051.2,10256
2026-09-20,2026-10-20,2026-09-20 23:01:24,OTA_EaseMyTrip,DEL-BLR,Air India,DEL-BLR_20261020_AI_0200,T+30,Economy,10616.8,2654.2,13271
2026-09-20,2026-10-20,2026-09-20 23:01:33,OTA_GoogleFlights,DEL-BLR,Air India,DEL-BLR_20261020_AI_0430,T+30,Economy,7870.4,1967.6,9838
2026-09-20,2026-10-20,2026-09-20 23:01:24,OTA_EaseMyTrip,DEL-BLR,Air India,DEL-BLR_20261020_AI_0440,T+30,Economy,7396.0,1849.0,9245
2026-09-20,2026-10-20,2026-09-20 23:01:24,OTA_EaseMyTrip,DEL-BLR,Air India,DEL-BLR_20261020_AI_0445,T+30,Economy,10616.8,2654.2,13271
2026-09-20,2026-10-20,2026-09-20 23:01:24,OTA_EaseMyTrip,DEL-BLR,Air India,DEL-BLR_20261020_AI_0500,T+30,Economy,15487.2,3871.8,19359
2026-09-20,2026-10-20,2026-09-20 23:01:24,OTA_EaseMyTrip,DEL-BLR,Air India,DEL-BLR_20261020_AI_0535,T+30,Economy,11981.6,2995.4,14977
2026-09-20,2026-10-20,2026-09-20 23:01:24,OTA_EaseMyTrip,DEL-BLR,Air India,DEL-BLR_20261020_AI_0545,T+30,Economy,10616.8,2654.2,13271
2026-09-20,2026-10-20,2026-09-20 23:01:24,OTA_EaseMyTrip,DEL-BLR,Air India,DEL-BLR_20261020_AI_0600,T+30,Economy,7396.0,1849.0,9245
2026-09-20,2026-10-20,2026-09-20 23:01:24,OTA_EaseMyTrip,DEL-BLR,Air India,DEL-BLR_20261020_AI_0610,T+30,Economy,7396.0,1849.0,9245
2026-09-20,2026-10-20,2026-09-20 23:01:24,OTA_EaseMyTrip,DEL-BLR,Air India,DEL-BLR_20261020_AI_0615,T+30,Economy,11825.6,2956.4,14782
2026-09-20,2026-10-20,2026-09-20 23:01:24,OTA_EaseMyTrip,DEL-BLR,Air India,DEL-BLR_20261020_AI_0620,T+30,Economy,7396.0,1849.0,9245
2026-09-20,2026-10-20,2026-09-20 23:01:33,OTA_GoogleFlights,DEL-BLR,Air India,DEL-BLR_20261020_AI_0630,T+30,Economy,7870.4,1967.6,9838
2026-09-20,2026-10-20,2026-09-20 23:01:24,OTA_EaseMyTrip,DEL-BLR,Air India,DEL-BLR_20261020_AI_0650,T+30,Economy,10348.8,2587.2,12936
2026-09-20,2026-10-20,2026-09-20 23:01:33,OTA_GoogleFlights,DEL-BLR,Air India,DEL-BLR_20261020_AI_0700,T+30,Economy,7870.4,1967.6,9838
2026-09-20,2026-10-20,2026-09-20 23:01:24,OTA_EaseMyTrip,DEL-BLR,Air India,DEL-BLR_20261020_AI_0720,T+30,Economy,9053.6,2263.4,11317
2026-09-20,2026-10-20,2026-09-20 23:01:24,OTA_EaseMyTrip,DEL-BLR,Air India,DEL-BLR_20261020_AI_0730,T+30,Economy,11214.4,2803.6,14018
2026-09-20,2026-10-20,2026-09-20 23:01:24,OTA_EaseMyTrip,DEL-BLR,Air India,DEL-BLR_20261020_AI_0810,T+30,Economy,19027.2,4756.8,23784
2026-09-20,2026-10-20,2026-09-20 23:01:33,OTA_GoogleFlights,DEL-BLR,Air India,DEL-BLR_20261020_AI_0830,T+30,Economy,7870.4,1967.6,9838
2026-09-20,2026-10-20,2026-09-20 23:01:24,OTA_EaseMyTrip,DEL-BLR,Air India,DEL-BLR_20261020_AI_0840,T+30,Economy,13061.6,3265.4,16327
2026-09-20,2026-10-20,2026-09-20 23:01:24,OTA_EaseMyTrip,DEL-BLR,Air India,DEL-BLR_20261020_AI_0845,T+30,Economy,19027.2,4756.8,23784
2026-09-20,2026-10-20,2026-09-20 23:01:24,OTA_EaseMyTrip,DEL-BLR,Air India,DEL-BLR_20261020_AI_0920,T+30,Economy,11534.4,2883.6,14418
2026-09-20,2026-10-20,2026-09-20 23:01:33,OTA_GoogleFlights,DEL-BLR,Air India,DEL-BLR_20261020_AI_0930,T+30,Economy,8004.8,2001.2,10006
2026-09-20,2026-10-20,2026-09-20 23:01:24,OTA_EaseMyTrip,DEL-BLR,Air India,DEL-BLR_20261020_AI_0955,T+30,Economy,16119.2,4029.8,20149
2026-09-20,2026-10-20,2026-09-20 23:01:24,OTA_EaseMyTrip,DEL-BLR,Air India,DEL-BLR_20261020_AI_1015,T+30,Economy,16734.4,4183.6,20918
2026-09-20,2026-10-20,2026-09-20 23:01:24,OTA_EaseMyTrip,DEL-BLR,Air India,DEL-BLR_20261020_AI_1025,T+30,Economy,8279.2,2069.8,10349
2026-09-20,2026-10-20,2026-09-20 23:01:24,OTA_EaseMyTrip,DEL-BLR,Air India,DEL-BLR_20261020_AI_1030,T+30,Economy,8529.6,2132.4,10662
2026-09-20,2026-10-20,2026-09-20 23:01:24,OTA_EaseMyTrip,DEL-BLR,Air India,DEL-BLR_20261020_AI_1045,T+30,Economy,18673.6,4668.4,23342
2026-09-20,2026-10-20,2026-09-20 23:01:24,OTA_EaseMyTrip,DEL-BLR,Air India,DEL-BLR_20261020_AI_1100,T+30,Economy,7516.8,1879.2,9396
2026-09-20,2026-10-20,2026-09-20 23:01:24,OTA_EaseMyTrip,DEL-BLR,Air India,DEL-BLR_20261020_AI_1120,T+30,Economy,11825.6,2956.4,14782
2026-09-20,2026-10-20,2026-09-20 23:01:24,OTA_EaseMyTrip,DEL-BLR,Air India,DEL-BLR_20261020_AI_1150,T+30,Economy,9629.6,2407.4,12037
2026-09-20,2026-10-20,2026-09-20 23:01:24,OTA_EaseMyTrip,DEL-BLR,Air India,DEL-BLR_20261020_AI_1155,T+30,Economy,15259.2,3814.8,19074
2026-09-20,2026-10-20,2026-09-20 23:01:24,OTA_EaseMyTrip,DEL-BLR,Air India,DEL-BLR_20261020_AI_1210,T+30,Economy,27748.0,6937.0,34685
2026-09-20,2026-10-20,2026-09-20 23:01:24,OTA_EaseMyTrip,DEL-BLR,Air India,DEL-BLR_20261020_AI_1215,T+30,Economy,16603.2,4150.8,20754
2026-09-20,2026-10-20,2026-09-20 23:01:24,OTA_EaseMyTrip,DEL-BLR,Air India,DEL-BLR_20261020_AI_1230,T+30,Economy,13150.4,3287.6,16438
2026-09-20,2026-10-20,2026-09-20 23:01:24,OTA_EaseMyTrip,DEL-BLR,Air India,DEL-BLR_20261020_AI_1255,T+30,Economy,19219.2,4804.8,24024
2026-09-20,2026-10-20,2026-09-20 23:01:24,OTA_EaseMyTrip,DEL-BLR,Air India,DEL-BLR_20261020_AI_1300,T+30,Economy,10113.6,2528.4,12642
2026-09-20,2026-10-20,2026-09-20 23:01:24,OTA_EaseMyTrip,DEL-BLR,Air India,DEL-BLR_20261020_AI_1310,T+30,Economy,12164.0,3041.0,15205
2026-09-20,2026-10-20,2026-09-20 23:01:33,OTA_GoogleFlights,DEL-BLR,Air India,DEL-BLR_20261020_AI_1320,T+30,Economy,10020.8,2505.2,12526
2026-09-20,2026-10-20,2026-09-20 23:01:24,OTA_EaseMyTrip,DEL-BLR,Air India,DEL-BLR_20261020_AI_1430,T+30,Economy,12544.8,3136.2,15681
2026-09-20,2026-10-20,2026-09-20 23:01:24,OTA_EaseMyTrip,DEL-BLR,Air India,DEL-BLR_20261020_AI_1500,T+30,Economy,8676.0,2169.0,10845
2026-09-20,2026-10-20,2026-09-20 23:01:24,OTA_EaseMyTrip,DEL-BLR,Air India,DEL-BLR_20261020_AI_1530,T+30,Economy,14703.2,3675.8,18379
2026-09-20,2026-10-20,2026-09-20 23:01:24,OTA_EaseMyTrip,DEL-BLR,Air India,DEL-BLR_20261020_AI_1545,T+30,Economy,11214.4,2803.6,14018
2026-09-20,2026-10-20,2026-09-20 23:01:24,OTA_EaseMyTrip,DEL-BLR,Air India,DEL-BLR_20261020_AI_1550,T+30,Economy,8204.8,2051.2,10256
2026-09-20,2026-10-20,2026-09-20 23:01:24,OTA_EaseMyTrip,DEL-BLR,Air India,DEL-BLR_20261020_AI_1620,T+30,Economy,11612.0,2903.0,14515
2026-09-20,2026-10-20,2026-09-20 23:01:33,OTA_GoogleFlights,DEL-BLR,Air India,DEL-BLR_20261020_AI_1630,T+30,Economy,8194.4,2048.6,10243
2026-09-20,2026-10-20,2026-09-20 23:01:24,OTA_EaseMyTrip,DEL-BLR,Air India,DEL-BLR_20261020_AI_1740,T+30,Economy,10391.2,2597.8,12989
2026-09-20,2026-10-20,2026-09-20 23:01:24,OTA_EaseMyTrip,DEL-BLR,Air India,DEL-BLR_20261020_AI_1750,T+30,Economy,8901.6,2225.4,11127
2026-09-20,2026-10-20,2026-09-20 23:01:33,OTA_GoogleFlights,DEL-BLR,Air India,DEL-BLR_20261020_AI_1800,T+30,Economy,7870.4,1967.6,9838
2026-09-20,2026-10-20,2026-09-20 23:01:33,OTA_GoogleFlights,DEL-BLR,Air India,DEL-BLR_20261020_AI_1820,T+30,Economy,7870.4,1967.6,9838
2026-09-20,2026-10-20,2026-09-20 23:01:33,OTA_GoogleFlights,DEL-BLR,Air India,DEL-BLR_20261020_AI_1830,T+30,Economy,7870.4,1967.6,9838
2026-09-20,2026-10-20,2026-09-20 23:01:24,OTA_EaseMyTrip,DEL-BLR,Air India,DEL-BLR_20261020_AI_1840,T+30,Economy,8469.6,2117.4,10587
2026-09-20,2026-10-20,2026-09-20 23:01:33,OTA_GoogleFlights,DEL-BLR,Air India,DEL-BLR_20261020_AI_1900,T+30,Economy,8194.4,2048.6,10243
2026-09-20,2026-10-20,2026-09-20 23:01:24,OTA_EaseMyTrip,DEL-BLR,Air India,DEL-BLR_20261020_AI_1910,T+30,Economy,10580.8,2645.2,13226
2026-09-20,2026-10-20,2026-09-20 23:01:33,OTA_GoogleFlights,DEL-BLR,Air India,DEL-BLR_20261020_AI_1930,T+30,Economy,7870.4,1967.6,9838
2026-09-20,2026-10-20,2026-09-20 23:01:24,OTA_EaseMyTrip,DEL-BLR,Air India,DEL-BLR_20261020_AI_2000,T+30,Economy,13251.2,3312.8,16564
2026-09-20,2026-10-20,2026-09-20 23:01:24,OTA_EaseMyTrip,DEL-BLR,Air India,DEL-BLR_20261020_AI_2050,T+30,Economy,11084.0,2771.0,13855
2026-09-20,2026-10-20,2026-09-20 23:01:33,OTA_GoogleFlights,DEL-BLR,Air India,DEL-BLR_20261020_AI_2130,T+30,Economy,7870.4,1967.6,9838
2026-09-20,2026-10-20,2026-09-20 23:01:24,OTA_EaseMyTrip,DEL-BLR,Air India,DEL-BLR_20261020_AI_2200,T+30,Economy,8279.2,2069.8,10349
2026-09-20,2026-10-20,2026-09-20 23:01:24,OTA_EaseMyTrip,DEL-BLR,Air India,DEL-BLR_20261020_AI_2225,T+30,Economy,9135.2,2283.8,11419
2026-09-20,2026-10-20,2026-09-20 23:01:33,OTA_GoogleFlights,DEL-BLR,Air India,DEL-BLR_20261020_AI_2255,T+30,Economy,8194.4,2048.6,10243
2026-09-20,2026-10-20,2026-09-20 23:01:24,OTA_EaseMyTrip,DEL-BLR,Air India,DEL-BLR_20261020_AI_2300,T+30,Economy,14516.0,3629.0,18145
2026-09-20,2026-10-20,2026-09-20 23:01:24,OTA_EaseMyTrip,DEL-BLR,Air India,DEL-BLR_20261020_AI_2325,T+30,Economy,9119.2,2279.8,11399
2026-09-20,2026-10-20,2026-09-20 23:01:33,OTA_GoogleFlights,DEL-BLR,Air India,DEL-BLR_20261020_AI_2330,T+30,Economy,7870.4,1967.6,9838
2026-09-20,2026-10-20,2026-09-20 23:01:24,OTA_EaseMyTrip,DEL-BLR,Air India,DEL-BLR_20261020_AI_2350,T+30,Economy,9938.4,2484.6,12423
2026-09-20,2026-10-20,2026-09-20 23:01:24,OTA_EaseMyTrip,DEL-BLR,Air India Express,DEL-BLR_20261020_IX_0440,T+30,Economy,7396.0,1849.0,9245
2026-09-20,2026-10-20,2026-09-20 23:01:24,OTA_EaseMyTrip,DEL-BLR,Air India Express,DEL-BLR_20261020_IX_0500,T+30,Economy,15487.2,3871.8,19359
2026-09-20,2026-10-20,2026-09-20 23:01:24,OTA_EaseMyTrip,DEL-BLR,Air India Express,DEL-BLR_20261020_IX_0535,T+30,Economy,11981.6,2995.4,14977
2026-09-20,2026-10-20,2026-09-20 23:01:24,OTA_EaseMyTrip,DEL-BLR,Air India Express,DEL-BLR_20261020_IX_0545,T+30,Economy,20539.2,5134.8,25674
2026-09-20,2026-10-20,2026-09-20 23:01:24,OTA_EaseMyTrip,DEL-BLR,Air India Express,DEL-BLR_20261020_IX_0600,T+30,Economy,7396.0,1849.0,9245
2026-09-20,2026-10-20,2026-09-20 23:01:24,OTA_EaseMyTrip,DEL-BLR,Air India Express,DEL-BLR_20261020_IX_0610,T+30,Economy,7396.0,1849.0,9245
2026-09-20,2026-10-20,2026-09-20 23:01:24,OTA_EaseMyTrip,DEL-BLR,Air India Express,DEL-BLR_20261020_IX_0620,T+30,Economy,7396.0,1849.0,9245
2026-09-20,2026-10-20,2026-09-20 23:01:24,OTA_EaseMyTrip,DEL-BLR,Air India Express,DEL-BLR_20261020_IX_0630,T+30,Economy,12968.0,3242.0,16210
2026-09-20,2026-10-20,2026-09-20 23:01:24,OTA_EaseMyTrip,DEL-BLR,Air India Express,DEL-BLR_20261020_IX_0650,T+30,Economy,10348.8,2587.2,12936
2026-09-20,2026-10-20,2026-09-20 23:01:24,OTA_EaseMyTrip,DEL-BLR,Air India Express,DEL-BLR_20261020_IX_0720,T+30,Economy,9053.6,2263.4,11317
2026-09-20,2026-10-20,2026-09-20 23:01:24,OTA_EaseMyTrip,DEL-BLR,Air India Express,DEL-BLR_20261020_IX_0810,T+30,Economy,19027.2,4756.8,23784
2026-09-20,2026-10-20,2026-09-20 23:01:24,OTA_EaseMyTrip,DEL-BLR,Air India Express,DEL-BLR_20261020_IX_0845,T+30,Economy,19027.2,4756.8,23784
2026-09-20,2026-10-20,2026-09-20 23:01:24,OTA_EaseMyTrip,DEL-BLR,Air India Express,DEL-BLR_20261020_IX_0955,T+30,Economy,16119.2,4029.8,20149
2026-09-20,2026-10-20,2026-09-20 23:01:24,OTA_EaseMyTrip,DEL-BLR,Air India Express,DEL-BLR_20261020_IX_1015,T+30,Economy,16734.4,4183.6,20918
2026-09-20,2026-10-20,2026-09-20 23:01:24,OTA_EaseMyTrip,DEL-BLR,Air India Express,DEL-BLR_20261020_IX_1025,T+30,Economy,8279.2,2069.8,10349
2026-09-20,2026-10-20,2026-09-20 23:01:24,OTA_EaseMyTrip,DEL-BLR,Air India Express,DEL-BLR_20261020_IX_1045,T+30,Economy,18673.6,4668.4,23342
2026-09-20,2026-10-20,2026-09-20 23:01:24,OTA_EaseMyTrip,DEL-BLR,Air India Express,DEL-BLR_20261020_IX_1100,T+30,Economy,7516.8,1879.2,9396
2026-09-20,2026-10-20,2026-09-20 23:01:24,OTA_EaseMyTrip,DEL-BLR,Air India Express,DEL-BLR_20261020_IX_1150,T+30,Economy,9629.6,2407.4,12037
2026-09-20,2026-10-20,2026-09-20 23:01:24,OTA_EaseMyTrip,DEL-BLR,Air India Express,DEL-BLR_20261020_IX_1155,T+30,Economy,15259.2,3814.8,19074
2026-09-20,2026-10-20,2026-09-20 23:01:24,OTA_EaseMyTrip,DEL-BLR,Air India Express,DEL-BLR_20261020_IX_1215,T+30,Economy,16603.2,4150.8,20754
2026-09-20,2026-10-20,2026-09-20 23:01:24,OTA_EaseMyTrip,DEL-BLR,Air India Express,DEL-BLR_20261020_IX_1255,T+30,Economy,19219.2,4804.8,24024
2026-09-20,2026-10-20,2026-09-20 23:01:24,OTA_EaseMyTrip,DEL-BLR,Air India Express,DEL-BLR_20261020_IX_1310,T+30,Economy,12164.0,3041.0,15205
2026-09-20,2026-10-20,2026-09-20 23:01:33,OTA_GoogleFlights,DEL-BLR,Air India Express,DEL-BLR_20261020_IX_1500,T+30,Economy,8393.6,2098.4,10492
2026-09-20,2026-10-20,2026-09-20 23:01:24,OTA_EaseMyTrip,DEL-BLR,Air India Express,DEL-BLR_20261020_IX_1750,T+30,Economy,8901.6,2225.4,11127
2026-09-20,2026-10-20,2026-09-20 23:01:24,OTA_EaseMyTrip,DEL-BLR,Air India Express,DEL-BLR_20261020_IX_1840,T+30,Economy,8469.6,2117.4,10587
2026-09-20,2026-10-20,2026-09-20 23:01:24,OTA_EaseMyTrip,DEL-BLR,Air India Express,DEL-BLR_20261020_IX_2200,T+30,Economy,8279.2,2069.8,10349
2026-09-20,2026-10-20,2026-09-20 23:01:24,OTA_EaseMyTrip,DEL-BLR,Air India Express,DEL-BLR_20261020_IX_2225,T+30,Economy,9135.2,2283.8,11419
2026-09-20,2026-10-20,2026-09-20 23:01:24,OTA_EaseMyTrip,DEL-BLR,Air India Express,DEL-BLR_20261020_IX_2325,T+30,Economy,9119.2,2279.8,11399
2026-09-20,2026-10-20,2026-09-20 23:01:33,OTA_GoogleFlights,DEL-BLR,Akasa Air,DEL-BLR_20261020_QP_1550,T+30,Economy,8024.0,2006.0,10030
2026-09-20,2026-10-20,2026-09-20 23:01:33,OTA_GoogleFlights,DEL-BLR,Akasa Air,DEL-BLR_20261020_QP_2050,T+30,Economy,8167.2,2041.8,10209
2026-09-20,2026-10-20,2026-09-20 23:01:33,OTA_GoogleFlights,DEL-BLR,Akasa Air,DEL-BLR_20261020_QP_2155,T+30,Economy,8167.2,2041.8,10209
2026-09-20,2026-10-20,2026-09-20 23:01:33,OTA_GoogleFlights,DEL-BLR,Akasa Air,DEL-BLR_20261020_QP_2255,T+30,Economy,8167.2,2041.8,10209
2026-09-20,2026-10-20,2026-09-20 23:01:33,OTA_GoogleFlights,DEL-BLR,SpiceJet,DEL-BLR_20261020_SG_0930,T+30,Economy,8028.8,2007.2,10036
2026-09-20,2026-10-20,2026-09-20 23:01:24,OTA_EaseMyTrip,DEL-BLR,SpiceJet,DEL-BLR_20261020_SG_1320,T+30,Economy,8247.2,2061.8,10309
2026-09-20,2026-10-20,2026-09-20 23:01:24,OTA_EaseMyTrip,DEL-BLR,SpiceJet,DEL-BLR_20261020_SG_1955,T+30,Economy,8972.8,2243.2,11216
2026-09-20,2026-10-20,2026-09-20 23:01:24,OTA_EaseMyTrip,DEL-BLR,SpiceJet,DEL-BLR_20261020_SG_2010,T+30,Economy,14202.4,3550.6,17753
2026-09-20,2026-10-20,2026-09-20 23:01:24,OTA_EaseMyTrip,DEL-BLR,SpiceJet,DEL-BLR_20261020_SG_2050,T+30,Economy,7828.8,1957.2,9786
2026-09-20,2026-10-20,2026-09-20 23:01:33,OTA_GoogleFlights,DEL-BLR,SpiceJet,DEL-BLR_20261020_SG_2200,T+30,Economy,8447.2,2111.8,10559
2026-09-20,2026-10-20,2026-09-20 23:01:24,OTA_EaseMyTrip,DEL-BLR,SpiceJet,DEL-BLR_20261020_SG_2230,T+30,Economy,8972.8,2243.2,11216
2026-09-20,2026-09-21,2026-09-20 23:04:47,OTA_EaseMyTrip,MAA-DEL,IndiGo,MAA-DEL_20260921_6E_0230,T+1,Economy,17916.0,4479.0,22395
2026-09-20,2026-09-21,2026-09-20 23:04:47,OTA_EaseMyTrip,MAA-DEL,IndiGo,MAA-DEL_20260921_6E_0310,T+1,Economy,16328.8,4082.2,20411
2026-09-20,2026-09-21,2026-09-20 23:04:47,OTA_EaseMyTrip,MAA-DEL,IndiGo,MAA-DEL_20260921_6E_0355,T+1,Economy,25492.8,6373.2,31866
2026-09-20,2026-09-21,2026-09-20 23:04:47,OTA_EaseMyTrip,MAA-DEL,IndiGo,MAA-DEL_20260921_6E_0500,T+1,Economy,22568.8,5642.2,28211
2026-09-20,2026-09-21,2026-09-20 23:04:47,OTA_EaseMyTrip,MAA-DEL,IndiGo,MAA-DEL_20260921_6E_0540,T+1,Economy,16874.4,4218.6,21093
2026-09-20,2026-09-21,2026-09-20 23:04:47,OTA_EaseMyTrip,MAA-DEL,IndiGo,MAA-DEL_20260921_6E_0630,T+1,Economy,17305.6,4326.4,21632
2026-09-20,2026-09-21,2026-09-20 23:04:56,OTA_GoogleFlights,MAA-DEL,IndiGo,MAA-DEL_20260921_6E_0655,T+1,Economy,18100.8,4525.2,22626
2026-09-20,2026-09-21,2026-09-20 23:04:47,OTA_EaseMyTrip,MAA-DEL,IndiGo,MAA-DEL_20260921_6E_0705,T+1,Economy,16010.4,4002.6,20013
2026-09-20,2026-09-21,2026-09-20 23:04:47,OTA_EaseMyTrip,MAA-DEL,IndiGo,MAA-DEL_20260921_6E_0710,T+1,Economy,17576.0,4394.0,21970
2026-09-20,2026-09-21,2026-09-20 23:04:47,OTA_EaseMyTrip,MAA-DEL,IndiGo,MAA-DEL_20260921_6E_0810,T+1,Economy,1620.8,405.2,2026
2026-09-20,2026-09-21,2026-09-20 23:04:47,OTA_EaseMyTrip,MAA-DEL,IndiGo,MAA-DEL_20260921_6E_0820,T+1,Economy,9989.6,2497.4,12487
2026-09-20,2026-09-21,2026-09-20 23:04:47,OTA_EaseMyTrip,MAA-DEL,IndiGo,MAA-DEL_20260921_6E_0855,T+1,Economy,13533.6,3383.4,16917
2026-09-20,2026-09-21,2026-09-20 23:04:47,OTA_EaseMyTrip,MAA-DEL,IndiGo,MAA-DEL_20260921_6E_0900,T+1,Economy,9260.8,2315.2,11576
2026-09-20,2026-09-21,2026-09-20 23:04:47,OTA_EaseMyTrip,MAA-DEL,IndiGo,MAA-DEL_20260921_6E_0910,T+1,Economy,1620.8,405.2,2026
2026-09-20,2026-09-21,2026-09-20 23:04:47,OTA_EaseMyTrip,MAA-DEL,IndiGo,MAA-DEL_20260921_6E_0915,T+1,Economy,1620.8,405.2,2026
2026-09-20,2026-09-21,2026-09-20 23:04:47,OTA_EaseMyTrip,MAA-DEL,IndiGo,MAA-DEL_20260921_6E_0925,T+1,Economy,1620.8,405.2,2026
2026-09-20,2026-09-21,2026-09-20 23:04:47,OTA_EaseMyTrip,MAA-DEL,IndiGo,MAA-DEL_20260921_6E_0940,T+1,Economy,1620.8,405.2,2026
2026-09-20,2026-09-21,2026-09-20 23:04:47,OTA_EaseMyTrip,MAA-DEL,IndiGo,MAA-DEL_20260921_6E_0955,T+1,Economy,15640.0,3910.0,19550
2026-09-20,2026-09-21,2026-09-20 23:04:47,OTA_EaseMyTrip,MAA-DEL,IndiGo,MAA-DEL_20260921_6E_1025,T+1,Economy,8067.2,2016.8,10084
2026-09-20,2026-09-21,2026-09-20 23:04:47,OTA_EaseMyTrip,MAA-DEL,IndiGo,MAA-DEL_20260921_6E_1055,T+1,Economy,10575.2,2643.8,13219
2026-09-20,2026-09-21,2026-09-20 23:04:47,OTA_EaseMyTrip,MAA-DEL,IndiGo,MAA-DEL_20260921_6E_1100,T+1,Economy,7990.4,1997.6,9988
2026-09-20,2026-09-21,2026-09-20 23:04:47,OTA_EaseMyTrip,MAA-DEL,IndiGo,MAA-DEL_20260921_6E_1105,T+1,Economy,1620.8,405.2,2026
2026-09-20,2026-09-21,2026-09-20 23:04:47,OTA_EaseMyTrip,MAA-DEL,IndiGo,MAA-DEL_20260921_6E_1110,T+1,Economy,8884.0,2221.0,11105
2026-09-20,2026-09-21,2026-09-20 23:04:47,OTA_EaseMyTrip,MAA-DEL,IndiGo,MAA-DEL_20260921_6E_1115,T+1,Economy,1620.8,405.2,2026
2026-09-20,2026-09-21,2026-09-20 23:04:47,OTA_EaseMyTrip,MAA-DEL,IndiGo,MAA-DEL_20260921_6E_1155,T+1,Economy,8428.0,2107.0,10535
2026-09-20,2026-09-21,2026-09-20 23:04:47,OTA_EaseMyTrip,MAA-DEL,IndiGo,MAA-DEL_20260921_6E_1200,T+1,Economy,12133.6,3033.4,15167
2026-09-20,2026-09-21,2026-09-20 23:04:47,OTA_EaseMyTrip,MAA-DEL,IndiGo,MAA-DEL_20260921_6E_1210,T+1,Economy,1620.8,405.2,2026
2026-09-20,2026-09-21,2026-09-20 23:04:47,OTA_EaseMyTrip,MAA-DEL,IndiGo,MAA-DEL_20260921_6E_1230,T+1,Economy,1620.8,405.2,2026
2026-09-20,2026-09-21,2026-09-20 23:04:47,OTA_EaseMyTrip,MAA-DEL,IndiGo,MAA-DEL_20260921_6E_1245,T+1,Economy,7990.4,1997.6,9988
2026-09-20,2026-09-21,2026-09-20 23:04:56,OTA_GoogleFlights,MAA-DEL,IndiGo,MAA-DEL_20260921_6E_1300,T+1,Economy,8036.0,2009.0,10045
2026-09-20,2026-09-21,2026-09-20 23:04:47,OTA_EaseMyTrip,MAA-DEL,IndiGo,MAA-DEL_20260921_6E_1345,T+1,Economy,1620.8,405.2,2026
2026-09-20,2026-09-21,2026-09-20 23:04:47,OTA_EaseMyTrip,MAA-DEL,IndiGo,MAA-DEL_20260921_6E_1355,T+1,Economy,1620.8,405.2,2026
2026-09-20,2026-09-21,2026-09-20 23:04:47,OTA_EaseMyTrip,MAA-DEL,IndiGo,MAA-DEL_20260921_6E_1425,T+1,Economy,1620.8,405.2,2026
2026-09-20,2026-09-21,2026-09-20 23:04:56,OTA_GoogleFlights,MAA-DEL,IndiGo,MAA-DEL_20260921_6E_1430,T+1,Economy,8036.0,2009.0,10045
2026-09-20,2026-09-21,2026-09-20 23:04:47,OTA_EaseMyTrip,MAA-DEL,IndiGo,MAA-DEL_20260921_6E_1435,T+1,Economy,7885.6,1971.4,9857
2026-09-20,2026-09-21,2026-09-20 23:04:47,OTA_EaseMyTrip,MAA-DEL,IndiGo,MAA-DEL_20260921_6E_1445,T+1,Economy,7990.4,1997.6,9988
2026-09-20,2026-09-21,2026-09-20 23:04:47,OTA_EaseMyTrip,MAA-DEL,IndiGo,MAA-DEL_20260921_6E_1450,T+1,Economy,1620.8,405.2,2026
2026-09-20,2026-09-21,2026-09-20 23:04:47,OTA_EaseMyTrip,MAA-DEL,IndiGo,MAA-DEL_20260921_6E_1515,T+1,Economy,1620.8,405.2,2026
2026-09-20,2026-09-21,2026-09-20 23:04:47,OTA_EaseMyTrip,MAA-DEL,IndiGo,MAA-DEL_20260921_6E_1525,T+1,Economy,1620.8,405.2,2026
2026-09-20,2026-09-21,2026-09-20 23:04:47,OTA_EaseMyTrip,MAA-DEL,IndiGo,MAA-DEL_20260921_6E_1555,T+1,Economy,1620.8,405.2,2026
2026-09-20,2026-09-21,2026-09-20 23:04:47,OTA_EaseMyTrip,MAA-DEL,IndiGo,MAA-DEL_20260921_6E_1605,T+1,Economy,1620.8,405.2,2026
2026-09-20,2026-09-21,2026-09-20 23:04:47,OTA_EaseMyTrip,MAA-DEL,IndiGo,MAA-DEL_20260921_6E_1610,T+1,Economy,11622.4,2905.6,14528
2026-09-20,2026-09-21,2026-09-20 23:04:47,OTA_EaseMyTrip,MAA-DEL,IndiGo,MAA-DEL_20260921_6E_1615,T+1,Economy,7885.6,1971.4,9857
2026-09-20,2026-09-21,2026-09-20 23:04:56,OTA_GoogleFlights,MAA-DEL,IndiGo,MAA-DEL_20260921_6E_1620,T+1,Economy,9214.4,2303.6,11518
2026-09-20,2026-09-21,2026-09-20 23:04:47,OTA_EaseMyTrip,MAA-DEL,IndiGo,MAA-DEL_20260921_6E_1635,T+1,Economy,8428.0,2107.0,10535
2026-09-20,2026-09-21,2026-09-20 23:04:47,OTA_EaseMyTrip,MAA-DEL,IndiGo,MAA-DEL_20260921_6E_1640,T+1,Economy,7990.4,1997.6,9988
2026-09-20,2026-09-21,2026-09-20 23:04:47,OTA_EaseMyTrip,MAA-DEL,IndiGo,MAA-DEL_20260921_6E_1645,T+1,Economy,1620.8,405.2,2026
2026-09-20,2026-09-21,2026-09-20 23:04:47,OTA_EaseMyTrip,MAA-DEL,IndiGo,MAA-DEL_20260921_6E_1655,T+1,Economy,1620.8,405.2,2026
2026-09-20,2026-09-21,2026-09-20 23:04:47,OTA_EaseMyTrip,MAA-DEL,IndiGo,MAA-DEL_20260921_6E_1700,T+1,Economy,1620.8,405.2,2026
2026-09-20,2026-09-21,2026-09-20 23:04:47,OTA_EaseMyTrip,MAA-DEL,IndiGo,MAA-DEL_20260921_6E_1715,T+1,Economy,1620.8,405.2,2026
2026-09-20,2026-09-21,2026-09-20 23:04:47,OTA_EaseMyTrip,MAA-DEL,IndiGo,MAA-DEL_20260921_6E_1745,T+1,Economy,7885.6,1971.4,9857
2026-09-20,2026-09-21,2026-09-20 23:04:47,OTA_EaseMyTrip,MAA-DEL,IndiGo,MAA-DEL_20260921_6E_1750,T+1,Economy,15949.6,3987.4,19937
2026-09-20,2026-09-21,2026-09-20 23:04:47,OTA_EaseMyTrip,MAA-DEL,IndiGo,MAA-DEL_20260921_6E_1805,T+1,Economy,1620.8,405.2,2026
2026-09-20,2026-09-21,2026-09-20 23:04:47,OTA_EaseMyTrip,MAA-DEL,IndiGo,MAA-DEL_20260921_6E_1815,T+1,Economy,7822.4,1955.6,9778
2026-09-20,2026-09-21,2026-09-20 23:04:56,OTA_GoogleFlights,MAA-DEL,IndiGo,MAA-DEL_20260921_6E_1820,T+1,Economy,7738.4,1934.6,9673
2026-09-20,2026-09-21,2026-09-20 23:04:47,OTA_EaseMyTrip,MAA-DEL,IndiGo,MAA-DEL_20260921_6E_1855,T+1,Economy,1620.8,405.2,2026
2026-09-20,2026-09-21,2026-09-20 23:04:47,OTA_EaseMyTrip,MAA-DEL,IndiGo,MAA-DEL_20260921_6E_1900,T+1,Economy,9298.4,2324.6,11623
2026-09-20,2026-09-21,2026-09-20 23:04:56,OTA_GoogleFlights,MAA-DEL,IndiGo,MAA-DEL_20260921_6E_2000,T+1,Economy,7801.6,1950.4,9752
2026-09-20,2026-09-21,2026-09-20 23:04:56,OTA_GoogleFlights,MAA-DEL,IndiGo,MAA-DEL_20260921_6E_2125,T+1,Economy,7738.4,1934.6,9673
2026-09-20,2026-09-21,2026-09-20 23:04:56,OTA_GoogleFlights,MAA-DEL,IndiGo,MAA-DEL_20260921_6E_2150,T+1,Economy,8036.0,2009.0,10045
2026-09-20,2026-09-21,2026-09-20 23:04:56,OTA_GoogleFlights,MAA-DEL,IndiGo,MAA-DEL_20260921_6E_2220,T+1,Economy,7738.4,1934.6,9673
2026-09-20,2026-09-21,2026-09-20 23:04:56,OTA_GoogleFlights,MAA-DEL,IndiGo,MAA-DEL_20260921_6E_2345,T+1,Economy,8800.0,2200.0,11000
2026-09-20,2026-09-21,2026-09-20 23:04:47,OTA_EaseMyTrip,MAA-DEL,Air India,MAA-DEL_20260921_AI_0555,T+1,Economy,17704.8,4426.2,22131
2026-09-20,2026-09-21,2026-09-20 23:04:47,OTA_EaseMyTrip,MAA-DEL,Air India,MAA-DEL_20260921_AI_0630,T+1,Economy,10189.6,2547.4,12737
2026-09-20,2026-09-21,2026-09-20 23:04:56,OTA_GoogleFlights,MAA-DEL,Air India,MAA-DEL_20260921_AI_0655,T+1,Economy,16987.2,4246.8,21234
2026-09-20,2026-09-21,2026-09-20 23:04:47,OTA_EaseMyTrip,MAA-DEL,Air India,MAA-DEL_20260921_AI_0700,T+1,Economy,15900.8,3975.2,19876
2026-09-20,2026-09-21,2026-09-20 23:04:47,OTA_EaseMyTrip,MAA-DEL,Air India,MAA-DEL_20260921_AI_0725,T+1,Economy,20976.0,5244.0,26220
2026-09-20,2026-09-21,2026-09-20 23:04:56,OTA_GoogleFlights,MAA-DEL,Air India,MAA-DEL_20260921_AI_0915,T+1,Economy,10296.8,2574.2,12871
2026-09-20,2026-09-21,2026-09-20 23:04:47,OTA_EaseMyTrip,MAA-DEL,Air India,MAA-DEL_20260921_AI_0920,T+1,Economy,10632.0,2658.0,13290
2026-09-20,2026-09-21,2026-09-20 23:04:47,OTA_EaseMyTrip,MAA-DEL,Air India,MAA-DEL_20260921_AI_0935,T+1,Economy,14820.8,3705.2,18526
2026-09-20,2026-09-21,2026-09-20 23:04:47,OTA_EaseMyTrip,MAA-DEL,Air India,MAA-DEL_20260921_AI_0940,T+1,Economy,16578.4,4144.6,20723
2026-09-20,2026-09-21,2026-09-20 23:04:47,OTA_EaseMyTrip,MAA-DEL,Air India,MAA-DEL_20260921_AI_1045,T+1,Economy,7968.8,1992.2,9961
2026-09-20,2026-09-21,2026-09-20 23:04:56,OTA_GoogleFlights,MAA-DEL,Air India,MAA-DEL_20260921_AI_1100,T+1,Economy,8247.2,2061.8,10309
2026-09-20,2026-09-21,2026-09-20 23:04:56,OTA_GoogleFlights,MAA-DEL,Air India,MAA-DEL_20260921_AI_1300,T+1,Economy,8036.8,2009.2,10046
2026-09-20,2026-09-21,2026-09-20 23:04:47,OTA_EaseMyTrip,MAA-DEL,Air India,MAA-DEL_20260921_AI_1345,T+1,Economy,13352.8,3338.2,16691
2026-09-20,2026-09-21,2026-09-20 23:04:47,OTA_EaseMyTrip,MAA-DEL,Air India,MAA-DEL_20260921_AI_1400,T+1,Economy,9134.4,2283.6,11418
2026-09-20,2026-09-21,2026-09-20 23:04:47,OTA_EaseMyTrip,MAA-DEL,Air India,MAA-DEL_20260921_AI_1440,T+1,Economy,20119.2,5029.8,25149
2026-09-20,2026-09-21,2026-09-20 23:04:47,OTA_EaseMyTrip,MAA-DEL,Air India,MAA-DEL_20260921_AI_1600,T+1,Economy,14611.2,3652.8,18264
2026-09-20,2026-09-21,2026-09-20 23:04:56,OTA_GoogleFlights,MAA-DEL,Air India,MAA-DEL_20260921_AI_1620,T+1,Economy,8801.6,2200.4,11002
2026-09-20,2026-09-21,2026-09-20 23:04:47,OTA_EaseMyTrip,MAA-DEL,Air India,MAA-DEL_20260921_AI_1630,T+1,Economy,9464.0,2366.0,11830
2026-09-20,2026-09-21,2026-09-20 23:04:47,OTA_EaseMyTrip,MAA-DEL,Air India,MAA-DEL_20260921_AI_1645,T+1,Economy,1620.8,405.2,2026
2026-09-20,2026-09-21,2026-09-20 23:04:47,OTA_EaseMyTrip,MAA-DEL,Air India,MAA-DEL_20260921_AI_1700,T+1,Economy,14611.2,3652.8,18264
2026-09-20,2026-09-21,2026-09-20 23:04:47,OTA_EaseMyTrip,MAA-DEL,Air India,MAA-DEL_20260921_AI_1730,T+1,Economy,1620.8,405.2,2026
2026-09-20,2026-09-21,2026-09-20 23:04:47,OTA_EaseMyTrip,MAA-DEL,Air India,MAA-DEL_20260921_AI_1940,T+1,Economy,14062.4,3515.6,17578
2026-09-20,2026-09-21,2026-09-20 23:04:47,OTA_EaseMyTrip,MAA-DEL,Air India,MAA-DEL_20260921_AI_2010,T+1,Economy,8370.4,2092.6,10463
2026-09-20,2026-09-21,2026-09-20 23:04:47,OTA_EaseMyTrip,MAA-DEL,Air India,MAA-DEL_20260921_AI_2110,T+1,Economy,14751.2,3687.8,18439
2026-09-20,2026-09-21,2026-09-20 23:04:47,OTA_EaseMyTrip,MAA-DEL,Air India,MAA-DEL_20260921_AI_2125,T+1,Economy,9464.0,2366.0,11830
2026-09-20,2026-09-21,2026-09-20 23:04:47,OTA_EaseMyTrip,MAA-DEL,Air India,MAA-DEL_20260921_AI_2140,T+1,Economy,8370.4,2092.6,10463
2026-09-20,2026-09-21,2026-09-20 23:04:56,OTA_GoogleFlights,MAA-DEL,Air India,MAA-DEL_20260921_AI_2150,T+1,Economy,8036.8,2009.2,10046
2026-09-20,2026-09-21,2026-09-20 23:04:47,OTA_EaseMyTrip,MAA-DEL,Air India,MAA-DEL_20260921_AI_2205,T+1,Economy,10739.2,2684.8,13424
2026-09-20,2026-09-21,2026-09-20 23:04:56,OTA_GoogleFlights,MAA-DEL,Air India,MAA-DEL_20260921_AI_2345,T+1,Economy,8801.6,2200.4,11002
2026-09-20,2026-09-21,2026-09-20 23:04:47,OTA_EaseMyTrip,MAA-DEL,Air India Express,MAA-DEL_20260921_IX_0630,T+1,Economy,10189.6,2547.4,12737
2026-09-20,2026-09-21,2026-09-20 23:04:47,OTA_EaseMyTrip,MAA-DEL,Air India Express,MAA-DEL_20260921_IX_0725,T+1,Economy,20976.0,5244.0,26220
2026-09-20,2026-09-21,2026-09-20 23:04:47,OTA_EaseMyTrip,MAA-DEL,Air India Express,MAA-DEL_20260921_IX_1045,T+1,Economy,7968.8,1992.2,9961
2026-09-20,2026-09-21,2026-09-20 23:04:47,OTA_EaseMyTrip,MAA-DEL,Air India Express,MAA-DEL_20260921_IX_1440,T+1,Economy,20119.2,5029.8,25149
2026-09-20,2026-09-21,2026-09-20 23:04:47,OTA_EaseMyTrip,MAA-DEL,Air India Express,MAA-DEL_20260921_IX_1630,T+1,Economy,9464.0,2366.0,11830
2026-09-20,2026-09-21,2026-09-20 23:04:47,OTA_EaseMyTrip,MAA-DEL,Air India Express,MAA-DEL_20260921_IX_1645,T+1,Economy,1620.8,405.2,2026
2026-09-20,2026-09-21,2026-09-20 23:04:47,OTA_EaseMyTrip,MAA-DEL,Air India Express,MAA-DEL_20260921_IX_1730,T+1,Economy,1620.8,405.2,2026
2026-09-20,2026-09-21,2026-09-20 23:04:47,OTA_EaseMyTrip,MAA-DEL,Air India Express,MAA-DEL_20260921_IX_2125,T+1,Economy,9464.0,2366.0,11830
2026-09-20,2026-09-21,2026-09-20 23:04:47,OTA_EaseMyTrip,MAA-DEL,Air India Express,MAA-DEL_20260921_IX_2205,T+1,Economy,10739.2,2684.8,13424
2026-09-20,2026-09-27,2026-09-20 23:05:26,OTA_EaseMyTrip,MAA-DEL,IndiGo,MAA-DEL_20260927_6E_0230,T+7,Economy,9989.6,2497.4,12487
2026-09-20,2026-09-27,2026-09-20 23:05:26,OTA_EaseMyTrip,MAA-DEL,IndiGo,MAA-DEL_20260927_6E_0310,T+7,Economy,9734.4,2433.6,12168
2026-09-20,2026-09-27,2026-09-20 23:05:26,OTA_EaseMyTrip,MAA-DEL,IndiGo,MAA-DEL_20260927_6E_0540,T+7,Economy,9821.6,2455.4,12277
2026-09-20,2026-09-27,2026-09-20 23:05:35,OTA_GoogleFlights,MAA-DEL,IndiGo,MAA-DEL_20260927_6E_0630,T+7,Economy,8800.0,2200.0,11000
2026-09-20,2026-09-27,2026-09-20 23:05:26,OTA_EaseMyTrip,MAA-DEL,IndiGo,MAA-DEL_20260927_6E_0705,T+7,Economy,9884.8,2471.2,12356
2026-09-20,2026-09-27,2026-09-20 23:05:26,OTA_EaseMyTrip,MAA-DEL,IndiGo,MAA-DEL_20260927_6E_0710,T+7,Economy,9821.6,2455.4,12277
2026-09-20,2026-09-27,2026-09-20 23:05:26,OTA_EaseMyTrip,MAA-DEL,IndiGo,MAA-DEL_20260927_6E_0810,T+7,Economy,20743.2,5185.8,25929
2026-09-20,2026-09-27,2026-09-20 23:05:26,OTA_EaseMyTrip,MAA-DEL,IndiGo,MAA-DEL_20260927_6E_0820,T+7,Economy,10789.6,2697.4,13487
2026-09-20,2026-09-27,2026-09-20 23:05:26,OTA_EaseMyTrip,MAA-DEL,IndiGo,MAA-DEL_20260927_6E_0855,T+7,Economy,9884.8,2471.2,12356
2026-09-20,2026-09-27,2026-09-20 23:05:26,OTA_EaseMyTrip,MAA-DEL,IndiGo,MAA-DEL_20260927_6E_0900,T+7,Economy,9989.6,2497.4,12487
2026-09-20,2026-09-27,2026-09-20 23:05:26,OTA_EaseMyTrip,MAA-DEL,IndiGo,MAA-DEL_20260927_6E_0905,T+7,Economy,9821.6,2455.4,12277
2026-09-20,2026-09-27,2026-09-20 23:05:26,OTA_EaseMyTrip,MAA-DEL,IndiGo,MAA-DEL_20260927_6E_0915,T+7,Economy,9298.4,2324.6,11623
2026-09-20,2026-09-27,2026-09-20 23:05:26,OTA_EaseMyTrip,MAA-DEL,IndiGo,MAA-DEL_20260927_6E_0955,T+7,Economy,9821.6,2455.4,12277
2026-09-20,2026-09-27,2026-09-20 23:05:26,OTA_EaseMyTrip,MAA-DEL,IndiGo,MAA-DEL_20260927_6E_1055,T+7,Economy,9884.8,2471.2,12356
2026-09-20,2026-09-27,2026-09-20 23:05:26,OTA_EaseMyTrip,MAA-DEL,IndiGo,MAA-DEL_20260927_6E_1100,T+7,Economy,9989.6,2497.4,12487
2026-09-20,2026-09-27,2026-09-20 23:05:35,OTA_GoogleFlights,MAA-DEL,IndiGo,MAA-DEL_20260927_6E_1110,T+7,Economy,9214.4,2303.6,11518
2026-09-20,2026-09-27,2026-09-20 23:05:26,OTA_EaseMyTrip,MAA-DEL,IndiGo,MAA-DEL_20260927_6E_1145,T+7,Economy,9989.6,2497.4,12487
2026-09-20,2026-09-27,2026-09-20 23:05:26,OTA_EaseMyTrip,MAA-DEL,IndiGo,MAA-DEL_20260927_6E_1155,T+7,Economy,12461.6,3115.4,15577
2026-09-20,2026-09-27,2026-09-20 23:05:26,OTA_EaseMyTrip,MAA-DEL,IndiGo,MAA-DEL_20260927_6E_1200,T+7,Economy,9821.6,2455.4,12277
2026-09-20,2026-09-27,2026-09-20 23:05:26,OTA_EaseMyTrip,MAA-DEL,IndiGo,MAA-DEL_20260927_6E_1230,T+7,Economy,10456.0,2614.0,13070
2026-09-20,2026-09-27,2026-09-20 23:05:26,OTA_EaseMyTrip,MAA-DEL,IndiGo,MAA-DEL_20260927_6E_1245,T+7,Economy,9989.6,2497.4,12487
2026-09-20,2026-09-27,2026-09-20 23:05:35,OTA_GoogleFlights,MAA-DEL,IndiGo,MAA-DEL_20260927_6E_1300,T+7,Economy,9214.4,2303.6,11518
2026-09-20,2026-09-27,2026-09-20 23:05:35,OTA_GoogleFlights,MAA-DEL,IndiGo,MAA-DEL_20260927_6E_1430,T+7,Economy,9214.4,2303.6,11518
2026-09-20,2026-09-27,2026-09-20 23:05:26,OTA_EaseMyTrip,MAA-DEL,IndiGo,MAA-DEL_20260927_6E_1435,T+7,Economy,12629.6,3157.4,15787
2026-09-20,2026-09-27,2026-09-20 23:05:26,OTA_EaseMyTrip,MAA-DEL,IndiGo,MAA-DEL_20260927_6E_1445,T+7,Economy,9989.6,2497.4,12487
2026-09-20,2026-09-27,2026-09-20 23:05:26,OTA_EaseMyTrip,MAA-DEL,IndiGo,MAA-DEL_20260927_6E_1610,T+7,Economy,10621.6,2655.4,13277
2026-09-20,2026-09-27,2026-09-20 23:05:26,OTA_EaseMyTrip,MAA-DEL,IndiGo,MAA-DEL_20260927_6E_1615,T+7,Economy,9884.8,2471.2,12356
2026-09-20,2026-09-27,2026-09-20 23:05:35,OTA_GoogleFlights,MAA-DEL,IndiGo,MAA-DEL_20260927_6E_1620,T+7,Economy,10113.6,2528.4,12642
2026-09-20,2026-09-27,2026-09-20 23:05:26,OTA_EaseMyTrip,MAA-DEL,IndiGo,MAA-DEL_20260927_6E_1635,T+7,Economy,13683.2,3420.8,17104
2026-09-20,2026-09-27,2026-09-20 23:05:26,OTA_EaseMyTrip,MAA-DEL,IndiGo,MAA-DEL_20260927_6E_1640,T+7,Economy,9989.6,2497.4,12487
2026-09-20,2026-09-27,2026-09-20 23:05:35,OTA_GoogleFlights,MAA-DEL,IndiGo,MAA-DEL_20260927_6E_1645,T+7,Economy,9214.4,2303.6,11518
2026-09-20,2026-09-27,2026-09-20 23:05:26,OTA_EaseMyTrip,MAA-DEL,IndiGo,MAA-DEL_20260927_6E_1700,T+7,Economy,9989.6,2497.4,12487
2026-09-20,2026-09-27,2026-09-20 23:05:26,OTA_EaseMyTrip,MAA-DEL,IndiGo,MAA-DEL_20260927_6E_1745,T+7,Economy,12756.0,3189.0,15945
2026-09-20,2026-09-27,2026-09-20 23:05:26,OTA_EaseMyTrip,MAA-DEL,IndiGo,MAA-DEL_20260927_6E_1750,T+7,Economy,14917.6,3729.4,18647
2026-09-20,2026-09-27,2026-09-20 23:05:26,OTA_EaseMyTrip,MAA-DEL,IndiGo,MAA-DEL_20260927_6E_1815,T+7,Economy,9989.6,2497.4,12487
2026-09-20,2026-09-27,2026-09-20 23:05:26,OTA_EaseMyTrip,MAA-DEL,IndiGo,MAA-DEL_20260927_6E_1900,T+7,Economy,10197.6,2549.4,12747
2026-09-20,2026-09-27,2026-09-20 23:05:26,OTA_EaseMyTrip,MAA-DEL,IndiGo,MAA-DEL_20260927_6E_1905,T+7,Economy,9884.8,2471.2,12356
2026-09-20,2026-09-27,2026-09-20 23:05:26,OTA_EaseMyTrip,MAA-DEL,IndiGo,MAA-DEL_20260927_6E_2000,T+7,Economy,9821.6,2455.4,12277
2026-09-20,2026-09-27,2026-09-20 23:05:35,OTA_GoogleFlights,MAA-DEL,IndiGo,MAA-DEL_20260927_6E_2010,T+7,Economy,9214.4,2303.6,11518
2026-09-20,2026-09-27,2026-09-20 23:05:26,OTA_EaseMyTrip,MAA-DEL,IndiGo,MAA-DEL_20260927_6E_2125,T+7,Economy,9821.6,2455.4,12277
2026-09-20,2026-09-27,2026-09-20 23:05:35,OTA_GoogleFlights,MAA-DEL,IndiGo,MAA-DEL_20260927_6E_2150,T+7,Economy,9214.4,2303.6,11518
2026-09-20,2026-09-27,2026-09-20 23:05:26,OTA_EaseMyTrip,MAA-DEL,IndiGo,MAA-DEL_20260927_6E_2220,T+7,Economy,11246.4,2811.6,14058
2026-09-20,2026-09-27,2026-09-20 23:05:35,OTA_GoogleFlights,MAA-DEL,IndiGo,MAA-DEL_20260927_6E_2345,T+7,Economy,8036.0,2009.0,10045
2026-09-20,2026-09-27,2026-09-20 23:05:26,OTA_EaseMyTrip,MAA-DEL,Air India,MAA-DEL_20260927_AI_0555,T+7,Economy,14611.2,3652.8,18264
2026-09-20,2026-09-27,2026-09-20 23:05:35,OTA_GoogleFlights,MAA-DEL,Air India,MAA-DEL_20260927_AI_0630,T+7,Economy,9020.0,2255.0,11275
2026-09-20,2026-09-27,2026-09-20 23:05:26,OTA_EaseMyTrip,MAA-DEL,Air India,MAA-DEL_20260927_AI_0700,T+7,Economy,14611.2,3652.8,18264
2026-09-20,2026-09-27,2026-09-20 23:05:26,OTA_EaseMyTrip,MAA-DEL,Air India,MAA-DEL_20260927_AI_0725,T+7,Economy,10644.0,2661.0,13305
2026-09-20,2026-09-27,2026-09-20 23:05:26,OTA_EaseMyTrip,MAA-DEL,Air India,MAA-DEL_20260927_AI_0855,T+7,Economy,10772.0,2693.0,13465
2026-09-20,2026-09-27,2026-09-20 23:05:26,OTA_EaseMyTrip,MAA-DEL,Air India,MAA-DEL_20260927_AI_0935,T+7,Economy,14611.2,3652.8,18264
2026-09-20,2026-09-27,2026-09-20 23:05:26,OTA_EaseMyTrip,MAA-DEL,Air India,MAA-DEL_20260927_AI_0940,T+7,Economy,15623.2,3905.8,19529
2026-09-20,2026-09-27,2026-09-20 23:05:26,OTA_EaseMyTrip,MAA-DEL,Air India,MAA-DEL_20260927_AI_1045,T+7,Economy,9890.4,2472.6,12363
2026-09-20,2026-09-27,2026-09-20 23:05:26,OTA_EaseMyTrip,MAA-DEL,Air India,MAA-DEL_20260927_AI_1345,T+7,Economy,15042.4,3760.6,18803
2026-09-20,2026-09-27,2026-09-20 23:05:35,OTA_GoogleFlights,MAA-DEL,Air India,MAA-DEL_20260927_AI_1400,T+7,Economy,9448.0,2362.0,11810
2026-09-20,2026-09-27,2026-09-20 23:05:26,OTA_EaseMyTrip,MAA-DEL,Air India,MAA-DEL_20260927_AI_1440,T+7,Economy,13668.0,3417.0,17085
2026-09-20,2026-09-27,2026-09-20 23:05:26,OTA_EaseMyTrip,MAA-DEL,Air India,MAA-DEL_20260927_AI_1600,T+7,Economy,14890.4,3722.6,18613
2026-09-20,2026-09-27,2026-09-20 23:05:35,OTA_GoogleFlights,MAA-DEL,Air India,MAA-DEL_20260927_AI_1620,T+7,Economy,9604.0,2401.0,12005
2026-09-20,2026-09-27,2026-09-20 23:05:26,OTA_EaseMyTrip,MAA-DEL,Air India,MAA-DEL_20260927_AI_1630,T+7,Economy,10786.4,2696.6,13483
2026-09-20,2026-09-27,2026-09-20 23:05:26,OTA_EaseMyTrip,MAA-DEL,Air India,MAA-DEL_20260927_AI_1700,T+7,Economy,15030.4,3757.6,18788
2026-09-20,2026-09-27,2026-09-20 23:05:35,OTA_GoogleFlights,MAA-DEL,Air India,MAA-DEL_20260927_AI_1900,T+7,Economy,10780.0,2695.0,13475
2026-09-20,2026-09-27,2026-09-20 23:05:26,OTA_EaseMyTrip,MAA-DEL,Air India,MAA-DEL_20260927_AI_1940,T+7,Economy,12582.4,3145.6,15728
2026-09-20,2026-09-27,2026-09-20 23:05:35,OTA_GoogleFlights,MAA-DEL,Air India,MAA-DEL_20260927_AI_2010,T+7,Economy,9171.2,2292.8,11464
2026-09-20,2026-09-27,2026-09-20 23:05:26,OTA_EaseMyTrip,MAA-DEL,Air India,MAA-DEL_20260927_AI_2125,T+7,Economy,9303.2,2325.8,11629
2026-09-20,2026-09-27,2026-09-20 23:05:35,OTA_GoogleFlights,MAA-DEL,Air India,MAA-DEL_20260927_AI_2150,T+7,Economy,9448.0,2362.0,11810
2026-09-20,2026-09-27,2026-09-20 23:05:26,OTA_EaseMyTrip,MAA-DEL,Air India,MAA-DEL_20260927_AI_2205,T+7,Economy,10959.2,2739.8,13699
2026-09-20,2026-09-27,2026-09-20 23:05:26,OTA_EaseMyTrip,MAA-DEL,Air India Express,MAA-DEL_20260927_IX_0630,T+7,Economy,15493.6,3873.4,19367
2026-09-20,2026-09-27,2026-09-20 23:05:26,OTA_EaseMyTrip,MAA-DEL,Air India Express,MAA-DEL_20260927_IX_0725,T+7,Economy,15493.6,3873.4,19367
2026-09-20,2026-09-27,2026-09-20 23:05:26,OTA_EaseMyTrip,MAA-DEL,Air India Express,MAA-DEL_20260927_IX_0855,T+7,Economy,10824.8,2706.2,13531
2026-09-20,2026-09-27,2026-09-20 23:05:26,OTA_EaseMyTrip,MAA-DEL,Air India Express,MAA-DEL_20260927_IX_1045,T+7,Economy,15493.6,3873.4,19367
2026-09-20,2026-09-27,2026-09-20 23:05:26,OTA_EaseMyTrip,MAA-DEL,Air India Express,MAA-DEL_20260927_IX_1440,T+7,Economy,13668.0,3417.0,17085
2026-09-20,2026-09-27,2026-09-20 23:05:26,OTA_EaseMyTrip,MAA-DEL,Air India Express,MAA-DEL_20260927_IX_1630,T+7,Economy,10786.4,2696.6,13483
2026-09-20,2026-09-27,2026-09-20 23:05:26,OTA_EaseMyTrip,MAA-DEL,Air India Express,MAA-DEL_20260927_IX_2125,T+7,Economy,9303.2,2325.8,11629
2026-09-20,2026-09-27,2026-09-20 23:05:26,OTA_EaseMyTrip,MAA-DEL,Air India Express,MAA-DEL_20260927_IX_2205,T+7,Economy,10959.2,2739.8,13699
2026-09-20,2026-10-05,2026-09-20 23:06:14,OTA_GoogleFlights,MAA-DEL,IndiGo,MAA-DEL_20261005_6E_0245,T+15,Economy,8036.0,2009.0,10045
2026-09-20,2026-10-05,2026-09-20 23:06:14,OTA_GoogleFlights,MAA-DEL,IndiGo,MAA-DEL_20261005_6E_0355,T+15,Economy,7611.2,1902.8,9514
2026-09-20,2026-10-05,2026-09-20 23:06:05,OTA_EaseMyTrip,MAA-DEL,IndiGo,MAA-DEL_20261005_6E_0500,T+15,Economy,8468.8,2117.2,10586
2026-09-20,2026-10-05,2026-09-20 23:06:05,OTA_EaseMyTrip,MAA-DEL,IndiGo,MAA-DEL_20261005_6E_0540,T+15,Economy,10688.8,2672.2,13361
2026-09-20,2026-10-05,2026-09-20 23:06:05,OTA_EaseMyTrip,MAA-DEL,IndiGo,MAA-DEL_20261005_6E_0630,T+15,Economy,9298.4,2324.6,11623
2026-09-20,2026-10-05,2026-09-20 23:06:14,OTA_GoogleFlights,MAA-DEL,IndiGo,MAA-DEL_20261005_6E_0655,T+15,Economy,9214.4,2303.6,11518
2026-09-20,2026-10-05,2026-09-20 23:06:05,OTA_EaseMyTrip,MAA-DEL,IndiGo,MAA-DEL_20261005_6E_0705,T+15,Economy,7154.4,1788.6,8943
2026-09-20,2026-10-05,2026-09-20 23:06:05,OTA_EaseMyTrip,MAA-DEL,IndiGo,MAA-DEL_20261005_6E_0710,T+15,Economy,8300.8,2075.2,10376
2026-09-20,2026-10-05,2026-09-20 23:06:05,OTA_EaseMyTrip,MAA-DEL,IndiGo,MAA-DEL_20261005_6E_0810,T+15,Economy,7091.2,1772.8,8864
2026-09-20,2026-10-05,2026-09-20 23:06:05,OTA_EaseMyTrip,MAA-DEL,IndiGo,MAA-DEL_20261005_6E_0820,T+15,Economy,9866.4,2466.6,12333
2026-09-20,2026-10-05,2026-09-20 23:06:05,OTA_EaseMyTrip,MAA-DEL,IndiGo,MAA-DEL_20261005_6E_0855,T+15,Economy,8363.2,2090.8,10454
2026-09-20,2026-10-05,2026-09-20 23:06:05,OTA_EaseMyTrip,MAA-DEL,IndiGo,MAA-DEL_20261005_6E_0900,T+15,Economy,7863.2,1965.8,9829
2026-09-20,2026-10-05,2026-09-20 23:06:05,OTA_EaseMyTrip,MAA-DEL,IndiGo,MAA-DEL_20261005_6E_0905,T+15,Economy,8300.8,2075.2,10376
2026-09-20,2026-10-05,2026-09-20 23:06:05,OTA_EaseMyTrip,MAA-DEL,IndiGo,MAA-DEL_20261005_6E_0915,T+15,Economy,8492.0,2123.0,10615
2026-09-20,2026-10-05,2026-09-20 23:06:05,OTA_EaseMyTrip,MAA-DEL,IndiGo,MAA-DEL_20261005_6E_0955,T+15,Economy,8300.8,2075.2,10376
2026-09-20,2026-10-05,2026-09-20 23:06:05,OTA_EaseMyTrip,MAA-DEL,IndiGo,MAA-DEL_20261005_6E_1015,T+15,Economy,8300.8,2075.2,10376
2026-09-20,2026-10-05,2026-09-20 23:06:14,OTA_GoogleFlights,MAA-DEL,IndiGo,MAA-DEL_20261005_6E_1055,T+15,Economy,7673.6,1918.4,9592
2026-09-20,2026-10-05,2026-09-20 23:06:05,OTA_EaseMyTrip,MAA-DEL,IndiGo,MAA-DEL_20261005_6E_1100,T+15,Economy,7863.2,1965.8,9829
2026-09-20,2026-10-05,2026-09-20 23:06:14,OTA_GoogleFlights,MAA-DEL,IndiGo,MAA-DEL_20261005_6E_1110,T+15,Economy,8408.0,2102.0,10510
2026-09-20,2026-10-05,2026-09-20 23:06:05,OTA_EaseMyTrip,MAA-DEL,IndiGo,MAA-DEL_20261005_6E_1155,T+15,Economy,10503.2,2625.8,13129
2026-09-20,2026-10-05,2026-09-20 23:06:05,OTA_EaseMyTrip,MAA-DEL,IndiGo,MAA-DEL_20261005_6E_1200,T+15,Economy,8300.8,2075.2,10376
2026-09-20,2026-10-05,2026-09-20 23:06:05,OTA_EaseMyTrip,MAA-DEL,IndiGo,MAA-DEL_20261005_6E_1230,T+15,Economy,7868.8,1967.2,9836
2026-09-20,2026-10-05,2026-09-20 23:06:05,OTA_EaseMyTrip,MAA-DEL,IndiGo,MAA-DEL_20261005_6E_1245,T+15,Economy,8468.8,2117.2,10586
2026-09-20,2026-10-05,2026-09-20 23:06:14,OTA_GoogleFlights,MAA-DEL,IndiGo,MAA-DEL_20261005_6E_1300,T+15,Economy,8036.0,2009.0,10045
2026-09-20,2026-10-05,2026-09-20 23:06:14,OTA_GoogleFlights,MAA-DEL,IndiGo,MAA-DEL_20261005_6E_1310,T+15,Economy,7443.2,1860.8,9304
2026-09-20,2026-10-05,2026-09-20 23:06:14,OTA_GoogleFlights,MAA-DEL,IndiGo,MAA-DEL_20261005_6E_1430,T+15,Economy,8036.0,2009.0,10045
2026-09-20,2026-10-05,2026-09-20 23:06:14,OTA_GoogleFlights,MAA-DEL,IndiGo,MAA-DEL_20261005_6E_1435,T+15,Economy,7673.6,1918.4,9592
2026-09-20,2026-10-05,2026-09-20 23:06:14,OTA_GoogleFlights,MAA-DEL,IndiGo,MAA-DEL_20261005_6E_1610,T+15,Economy,7611.2,1902.8,9514
2026-09-20,2026-10-05,2026-09-20 23:06:05,OTA_EaseMyTrip,MAA-DEL,IndiGo,MAA-DEL_20261005_6E_1615,T+15,Economy,8363.2,2090.8,10454
2026-09-20,2026-10-05,2026-09-20 23:06:14,OTA_GoogleFlights,MAA-DEL,IndiGo,MAA-DEL_20261005_6E_1645,T+15,Economy,9652.0,2413.0,12065
2026-09-20,2026-10-05,2026-09-20 23:06:05,OTA_EaseMyTrip,MAA-DEL,IndiGo,MAA-DEL_20261005_6E_1700,T+15,Economy,8468.8,2117.2,10586
2026-09-20,2026-10-05,2026-09-20 23:06:05,OTA_EaseMyTrip,MAA-DEL,IndiGo,MAA-DEL_20261005_6E_1740,T+15,Economy,9134.4,2283.6,11418
2026-09-20,2026-10-05,2026-09-20 23:06:05,OTA_EaseMyTrip,MAA-DEL,IndiGo,MAA-DEL_20261005_6E_1745,T+15,Economy,7757.6,1939.4,9697
2026-09-20,2026-10-05,2026-09-20 23:06:05,OTA_EaseMyTrip,MAA-DEL,IndiGo,MAA-DEL_20261005_6E_1750,T+15,Economy,9698.4,2424.6,12123
2026-09-20,2026-10-05,2026-09-20 23:06:05,OTA_EaseMyTrip,MAA-DEL,IndiGo,MAA-DEL_20261005_6E_1815,T+15,Economy,7863.2,1965.8,9829
2026-09-20,2026-10-05,2026-09-20 23:06:14,OTA_GoogleFlights,MAA-DEL,IndiGo,MAA-DEL_20261005_6E_1900,T+15,Economy,8408.0,2102.0,10510
2026-09-20,2026-10-05,2026-09-20 23:06:05,OTA_EaseMyTrip,MAA-DEL,IndiGo,MAA-DEL_20261005_6E_1905,T+15,Economy,8363.2,2090.8,10454
2026-09-20,2026-10-05,2026-09-20 23:06:05,OTA_EaseMyTrip,MAA-DEL,IndiGo,MAA-DEL_20261005_6E_2000,T+15,Economy,7757.6,1939.4,9697
2026-09-20,2026-10-05,2026-09-20 23:06:05,OTA_EaseMyTrip,MAA-DEL,IndiGo,MAA-DEL_20261005_6E_2125,T+15,Economy,8966.4,2241.6,11208
2026-09-20,2026-10-05,2026-09-20 23:06:14,OTA_GoogleFlights,MAA-DEL,IndiGo,MAA-DEL_20261005_6E_2140,T+15,Economy,8408.0,2102.0,10510
2026-09-20,2026-10-05,2026-09-20 23:06:14,OTA_GoogleFlights,MAA-DEL,IndiGo,MAA-DEL_20261005_6E_2150,T+15,Economy,8036.0,2009.0,10045
2026-09-20,2026-10-05,2026-09-20 23:06:05,OTA_EaseMyTrip,MAA-DEL,IndiGo,MAA-DEL_20261005_6E_2200,T+15,Economy,7757.6,1939.4,9697
2026-09-20,2026-10-05,2026-09-20 23:06:05,OTA_EaseMyTrip,MAA-DEL,IndiGo,MAA-DEL_20261005_6E_2220,T+15,Economy,7695.2,1923.8,9619
2026-09-20,2026-10-05,2026-09-20 23:06:05,OTA_EaseMyTrip,MAA-DEL,IndiGo,MAA-DEL_20261005_6E_2235,T+15,Economy,8849.6,2212.4,11062
2026-09-20,2026-10-05,2026-09-20 23:06:14,OTA_GoogleFlights,MAA-DEL,IndiGo,MAA-DEL_20261005_6E_2345,T+15,Economy,8036.0,2009.0,10045
2026-09-20,2026-10-05,2026-09-20 23:06:05,OTA_EaseMyTrip,MAA-DEL,Air India,MAA-DEL_20261005_AI_0630,T+15,Economy,7608.8,1902.2,9511
2026-09-20,2026-10-05,2026-09-20 23:06:14,OTA_GoogleFlights,MAA-DEL,Air India,MAA-DEL_20261005_AI_0655,T+15,Economy,9212.8,2303.2,11516
2026-09-20,2026-10-05,2026-09-20 23:06:05,OTA_EaseMyTrip,MAA-DEL,Air India,MAA-DEL_20261005_AI_0725,T+15,Economy,7608.8,1902.2,9511
2026-09-20,2026-10-05,2026-09-20 23:06:05,OTA_EaseMyTrip,MAA-DEL,Air India,MAA-DEL_20261005_AI_0805,T+15,Economy,9134.4,2283.6,11418
2026-09-20,2026-10-05,2026-09-20 23:06:05,OTA_EaseMyTrip,MAA-DEL,Air India,MAA-DEL_20261005_AI_0855,T+15,Economy,7608.8,1902.2,9511
2026-09-20,2026-10-05,2026-09-20 23:06:05,OTA_EaseMyTrip,MAA-DEL,Air India,MAA-DEL_20261005_AI_0940,T+15,Economy,13400.0,3350.0,16750
2026-09-20,2026-10-05,2026-09-20 23:06:14,OTA_GoogleFlights,MAA-DEL,Air India,MAA-DEL_20261005_AI_0950,T+15,Economy,8801.6,2200.4,11002
2026-09-20,2026-10-05,2026-09-20 23:06:05,OTA_EaseMyTrip,MAA-DEL,Air India,MAA-DEL_20261005_AI_1045,T+15,Economy,7608.8,1902.2,9511
2026-09-20,2026-10-05,2026-09-20 23:06:05,OTA_EaseMyTrip,MAA-DEL,Air India,MAA-DEL_20261005_AI_1100,T+15,Economy,8370.4,2092.6,10463
2026-09-20,2026-10-05,2026-09-20 23:06:14,OTA_GoogleFlights,MAA-DEL,Air India,MAA-DEL_20261005_AI_1300,T+15,Economy,8036.8,2009.2,10046
2026-09-20,2026-10-05,2026-09-20 23:06:05,OTA_EaseMyTrip,MAA-DEL,Air India,MAA-DEL_20261005_AI_1345,T+15,Economy,12832.0,3208.0,16040
2026-09-20,2026-10-05,2026-09-20 23:06:05,OTA_EaseMyTrip,MAA-DEL,Air India,MAA-DEL_20261005_AI_1440,T+15,Economy,7440.8,1860.2,9301
2026-09-20,2026-10-05,2026-09-20 23:06:05,OTA_EaseMyTrip,MAA-DEL,Air India,MAA-DEL_20261005_AI_1620,T+15,Economy,8370.4,2092.6,10463
2026-09-20,2026-10-05,2026-09-20 23:06:05,OTA_EaseMyTrip,MAA-DEL,Air India,MAA-DEL_20261005_AI_1630,T+15,Economy,9890.4,2472.6,12363
2026-09-20,2026-10-05,2026-09-20 23:06:14,OTA_GoogleFlights,MAA-DEL,Air India,MAA-DEL_20261005_AI_1900,T+15,Economy,8801.6,2200.4,11002
2026-09-20,2026-10-05,2026-09-20 23:06:05,OTA_EaseMyTrip,MAA-DEL,Air India,MAA-DEL_20261005_AI_1940,T+15,Economy,13597.6,3399.4,16997
2026-09-20,2026-10-05,2026-09-20 23:06:14,OTA_GoogleFlights,MAA-DEL,Air India,MAA-DEL_20261005_AI_2010,T+15,Economy,8036.8,2009.2,10046
2026-09-20,2026-10-05,2026-09-20 23:06:05,OTA_EaseMyTrip,MAA-DEL,Air India,MAA-DEL_20261005_AI_2105,T+15,Economy,15030.4,3757.6,18788
2026-09-20,2026-10-05,2026-09-20 23:06:05,OTA_EaseMyTrip,MAA-DEL,Air India,MAA-DEL_20261005_AI_2125,T+15,Economy,9668.8,2417.2,12086
2026-09-20,2026-10-05,2026-09-20 23:06:14,OTA_GoogleFlights,MAA-DEL,Air India,MAA-DEL_20261005_AI_2140,T+15,Economy,8036.8,2009.2,10046
2026-09-20,2026-10-05,2026-09-20 23:06:05,OTA_EaseMyTrip,MAA-DEL,Air India,MAA-DEL_20261005_AI_2205,T+15,Economy,10504.8,2626.2,13131
2026-09-20,2026-10-05,2026-09-20 23:06:14,OTA_GoogleFlights,MAA-DEL,Air India,MAA-DEL_20261005_AI_2345,T+15,Economy,8036.8,2009.2,10046
2026-09-20,2026-10-05,2026-09-20 23:06:05,OTA_EaseMyTrip,MAA-DEL,Air India Express,MAA-DEL_20261005_IX_0630,T+15,Economy,7608.8,1902.2,9511
2026-09-20,2026-10-05,2026-09-20 23:06:05,OTA_EaseMyTrip,MAA-DEL,Air India Express,MAA-DEL_20261005_IX_0725,T+15,Economy,7608.8,1902.2,9511
2026-09-20,2026-10-05,2026-09-20 23:06:05,OTA_EaseMyTrip,MAA-DEL,Air India Express,MAA-DEL_20261005_IX_0855,T+15,Economy,7608.8,1902.2,9511
2026-09-20,2026-10-05,2026-09-20 23:06:05,OTA_EaseMyTrip,MAA-DEL,Air India Express,MAA-DEL_20261005_IX_0940,T+15,Economy,13400.0,3350.0,16750
2026-09-20,2026-10-05,2026-09-20 23:06:05,OTA_EaseMyTrip,MAA-DEL,Air India Express,MAA-DEL_20261005_IX_1045,T+15,Economy,7608.8,1902.2,9511
2026-09-20,2026-10-05,2026-09-20 23:06:05,OTA_EaseMyTrip,MAA-DEL,Air India Express,MAA-DEL_20261005_IX_1440,T+15,Economy,7440.8,1860.2,9301
2026-09-20,2026-10-05,2026-09-20 23:06:05,OTA_EaseMyTrip,MAA-DEL,Air India Express,MAA-DEL_20261005_IX_1630,T+15,Economy,10538.4,2634.6,13173
2026-09-20,2026-10-05,2026-09-20 23:06:05,OTA_EaseMyTrip,MAA-DEL,Air India Express,MAA-DEL_20261005_IX_2125,T+15,Economy,9668.8,2417.2,12086
2026-09-20,2026-10-05,2026-09-20 23:06:05,OTA_EaseMyTrip,MAA-DEL,Air India Express,MAA-DEL_20261005_IX_2205,T+15,Economy,10504.8,2626.2,13131
2026-09-20,2026-10-20,2026-09-20 23:06:48,OTA_EaseMyTrip,MAA-DEL,IndiGo,MAA-DEL_20261020_6E_0230,T+30,Economy,10782.4,2695.6,13478
2026-09-20,2026-10-20,2026-09-20 23:06:58,OTA_GoogleFlights,MAA-DEL,IndiGo,MAA-DEL_20261020_6E_0245,T+30,Economy,8036.0,2009.0,10045
2026-09-20,2026-10-20,2026-09-20 23:06:48,OTA_EaseMyTrip,MAA-DEL,IndiGo,MAA-DEL_20261020_6E_0355,T+30,Economy,7822.4,1955.6,9778
2026-09-20,2026-10-20,2026-09-20 23:06:48,OTA_EaseMyTrip,MAA-DEL,IndiGo,MAA-DEL_20261020_6E_0540,T+30,Economy,7822.4,1955.6,9778
2026-09-20,2026-10-20,2026-09-20 23:06:58,OTA_GoogleFlights,MAA-DEL,IndiGo,MAA-DEL_20261020_6E_0630,T+30,Economy,8036.0,2009.0,10045
2026-09-20,2026-10-20,2026-09-20 23:06:48,OTA_EaseMyTrip,MAA-DEL,IndiGo,MAA-DEL_20261020_6E_0705,T+30,Economy,7832.8,1958.2,9791
2026-09-20,2026-10-20,2026-09-20 23:06:48,OTA_EaseMyTrip,MAA-DEL,IndiGo,MAA-DEL_20261020_6E_0710,T+30,Economy,7822.4,1955.6,9778
2026-09-20,2026-10-20,2026-09-20 23:06:48,OTA_EaseMyTrip,MAA-DEL,IndiGo,MAA-DEL_20261020_6E_0810,T+30,Economy,9768.8,2442.2,12211
2026-09-20,2026-10-20,2026-09-20 23:06:48,OTA_EaseMyTrip,MAA-DEL,IndiGo,MAA-DEL_20261020_6E_0820,T+30,Economy,20500.0,5125.0,25625
2026-09-20,2026-10-20,2026-09-20 23:06:48,OTA_EaseMyTrip,MAA-DEL,IndiGo,MAA-DEL_20261020_6E_0855,T+30,Economy,7885.6,1971.4,9857
2026-09-20,2026-10-20,2026-09-20 23:06:48,OTA_EaseMyTrip,MAA-DEL,IndiGo,MAA-DEL_20261020_6E_0900,T+30,Economy,7990.4,1997.6,9988
2026-09-20,2026-10-20,2026-09-20 23:06:48,OTA_EaseMyTrip,MAA-DEL,IndiGo,MAA-DEL_20261020_6E_0905,T+30,Economy,9821.6,2455.4,12277
2026-09-20,2026-10-20,2026-09-20 23:06:58,OTA_GoogleFlights,MAA-DEL,IndiGo,MAA-DEL_20261020_6E_0915,T+30,Economy,8036.0,2009.0,10045
2026-09-20,2026-10-20,2026-09-20 23:06:48,OTA_EaseMyTrip,MAA-DEL,IndiGo,MAA-DEL_20261020_6E_0930,T+30,Economy,7822.4,1955.6,9778
2026-09-20,2026-10-20,2026-09-20 23:06:48,OTA_EaseMyTrip,MAA-DEL,IndiGo,MAA-DEL_20261020_6E_0955,T+30,Economy,7822.4,1955.6,9778
2026-09-20,2026-10-20,2026-09-20 23:06:48,OTA_EaseMyTrip,MAA-DEL,IndiGo,MAA-DEL_20261020_6E_1015,T+30,Economy,7822.4,1955.6,9778
2026-09-20,2026-10-20,2026-09-20 23:06:48,OTA_EaseMyTrip,MAA-DEL,IndiGo,MAA-DEL_20261020_6E_1055,T+30,Economy,7885.6,1971.4,9857
2026-09-20,2026-10-20,2026-09-20 23:06:48,OTA_EaseMyTrip,MAA-DEL,IndiGo,MAA-DEL_20261020_6E_1110,T+30,Economy,7822.4,1955.6,9778
2026-09-20,2026-10-20,2026-09-20 23:06:48,OTA_EaseMyTrip,MAA-DEL,IndiGo,MAA-DEL_20261020_6E_1125,T+30,Economy,11498.4,2874.6,14373
2026-09-20,2026-10-20,2026-09-20 23:06:48,OTA_EaseMyTrip,MAA-DEL,IndiGo,MAA-DEL_20261020_6E_1155,T+30,Economy,8428.0,2107.0,10535
2026-09-20,2026-10-20,2026-09-20 23:06:58,OTA_GoogleFlights,MAA-DEL,IndiGo,MAA-DEL_20261020_6E_1200,T+30,Economy,7738.4,1934.6,9673
2026-09-20,2026-10-20,2026-09-20 23:06:48,OTA_EaseMyTrip,MAA-DEL,IndiGo,MAA-DEL_20261020_6E_1230,T+30,Economy,9773.6,2443.4,12217
2026-09-20,2026-10-20,2026-09-20 23:06:48,OTA_EaseMyTrip,MAA-DEL,IndiGo,MAA-DEL_20261020_6E_1245,T+30,Economy,7990.4,1997.6,9988
2026-09-20,2026-10-20,2026-09-20 23:06:58,OTA_GoogleFlights,MAA-DEL,IndiGo,MAA-DEL_20261020_6E_1300,T+30,Economy,8036.0,2009.0,10045
2026-09-20,2026-10-20,2026-09-20 23:06:58,OTA_GoogleFlights,MAA-DEL,IndiGo,MAA-DEL_20261020_6E_1310,T+30,Economy,7570.4,1892.6,9463
2026-09-20,2026-10-20,2026-09-20 23:06:48,OTA_EaseMyTrip,MAA-DEL,IndiGo,MAA-DEL_20261020_6E_1325,T+30,Economy,7822.4,1955.6,9778
2026-09-20,2026-10-20,2026-09-20 23:06:48,OTA_EaseMyTrip,MAA-DEL,IndiGo,MAA-DEL_20261020_6E_1430,T+30,Economy,8492.0,2123.0,10615
2026-09-20,2026-10-20,2026-09-20 23:06:48,OTA_EaseMyTrip,MAA-DEL,IndiGo,MAA-DEL_20261020_6E_1435,T+30,Economy,7885.6,1971.4,9857
2026-09-20,2026-10-20,2026-09-20 23:06:48,OTA_EaseMyTrip,MAA-DEL,IndiGo,MAA-DEL_20261020_6E_1610,T+30,Economy,7822.4,1955.6,9778
2026-09-20,2026-10-20,2026-09-20 23:06:48,OTA_EaseMyTrip,MAA-DEL,IndiGo,MAA-DEL_20261020_6E_1615,T+30,Economy,7885.6,1971.4,9857
2026-09-20,2026-10-20,2026-09-20 23:06:58,OTA_GoogleFlights,MAA-DEL,IndiGo,MAA-DEL_20261020_6E_1645,T+30,Economy,8408.0,2102.0,10510
2026-09-20,2026-10-20,2026-09-20 23:06:48,OTA_EaseMyTrip,MAA-DEL,IndiGo,MAA-DEL_20261020_6E_1700,T+30,Economy,9260.8,2315.2,11576
2026-09-20,2026-10-20,2026-09-20 23:06:48,OTA_EaseMyTrip,MAA-DEL,IndiGo,MAA-DEL_20261020_6E_1740,T+30,Economy,7990.4,1997.6,9988
2026-09-20,2026-10-20,2026-09-20 23:06:48,OTA_EaseMyTrip,MAA-DEL,IndiGo,MAA-DEL_20261020_6E_1745,T+30,Economy,7885.6,1971.4,9857
2026-09-20,2026-10-20,2026-09-20 23:06:48,OTA_EaseMyTrip,MAA-DEL,IndiGo,MAA-DEL_20261020_6E_1750,T+30,Economy,7822.4,1955.6,9778
2026-09-20,2026-10-20,2026-09-20 23:06:58,OTA_GoogleFlights,MAA-DEL,IndiGo,MAA-DEL_20261020_6E_1900,T+30,Economy,8036.0,2009.0,10045
2026-09-20,2026-10-20,2026-09-20 23:06:48,OTA_EaseMyTrip,MAA-DEL,IndiGo,MAA-DEL_20261020_6E_1905,T+30,Economy,7885.6,1971.4,9857
2026-09-20,2026-10-20,2026-09-20 23:06:48,OTA_EaseMyTrip,MAA-DEL,IndiGo,MAA-DEL_20261020_6E_2000,T+30,Economy,7822.4,1955.6,9778
2026-09-20,2026-10-20,2026-09-20 23:06:58,OTA_GoogleFlights,MAA-DEL,IndiGo,MAA-DEL_20261020_6E_2125,T+30,Economy,7738.4,1934.6,9673
2026-09-20,2026-10-20,2026-09-20 23:06:58,OTA_GoogleFlights,MAA-DEL,IndiGo,MAA-DEL_20261020_6E_2140,T+30,Economy,8408.0,2102.0,10510
2026-09-20,2026-10-20,2026-09-20 23:06:58,OTA_GoogleFlights,MAA-DEL,IndiGo,MAA-DEL_20261020_6E_2150,T+30,Economy,8036.0,2009.0,10045
2026-09-20,2026-10-20,2026-09-20 23:06:48,OTA_EaseMyTrip,MAA-DEL,IndiGo,MAA-DEL_20261020_6E_2200,T+30,Economy,11376.8,2844.2,14221
2026-09-20,2026-10-20,2026-09-20 23:06:48,OTA_EaseMyTrip,MAA-DEL,IndiGo,MAA-DEL_20261020_6E_2220,T+30,Economy,11879.2,2969.8,14849
2026-09-20,2026-10-20,2026-09-20 23:06:48,OTA_EaseMyTrip,MAA-DEL,IndiGo,MAA-DEL_20261020_6E_2235,T+30,Economy,7968.0,1992.0,9960
2026-09-20,2026-10-20,2026-09-20 23:06:48,OTA_EaseMyTrip,MAA-DEL,IndiGo,MAA-DEL_20261020_6E_2320,T+30,Economy,16808.0,4202.0,21010
2026-09-20,2026-10-20,2026-09-20 23:06:58,OTA_GoogleFlights,MAA-DEL,IndiGo,MAA-DEL_20261020_6E_2345,T+30,Economy,8036.0,2009.0,10045
2026-09-20,2026-10-20,2026-09-20 23:06:48,OTA_EaseMyTrip,MAA-DEL,Air India,MAA-DEL_20261020_AI_0630,T+30,Economy,10538.4,2634.6,13173
2026-09-20,2026-10-20,2026-09-20 23:06:48,OTA_EaseMyTrip,MAA-DEL,Air India,MAA-DEL_20261020_AI_0655,T+30,Economy,8370.4,2092.6,10463
2026-09-20,2026-10-20,2026-09-20 23:06:48,OTA_EaseMyTrip,MAA-DEL,Air India,MAA-DEL_20261020_AI_0725,T+30,Economy,10538.4,2634.6,13173
2026-09-20,2026-10-20,2026-09-20 23:06:58,OTA_GoogleFlights,MAA-DEL,Air India,MAA-DEL_20261020_AI_0805,T+30,Economy,8036.8,2009.2,10046
2026-09-20,2026-10-20,2026-09-20 23:06:48,OTA_EaseMyTrip,MAA-DEL,Air India,MAA-DEL_20261020_AI_0855,T+30,Economy,10538.4,2634.6,13173
2026-09-20,2026-10-20,2026-09-20 23:06:48,OTA_EaseMyTrip,MAA-DEL,Air India,MAA-DEL_20261020_AI_0940,T+30,Economy,17183.2,4295.8,21479
2026-09-20,2026-10-20,2026-09-20 23:06:58,OTA_GoogleFlights,MAA-DEL,Air India,MAA-DEL_20261020_AI_0950,T+30,Economy,8036.8,2009.2,10046
2026-09-20,2026-10-20,2026-09-20 23:06:48,OTA_EaseMyTrip,MAA-DEL,Air India,MAA-DEL_20261020_AI_1045,T+30,Economy,10538.4,2634.6,13173
2026-09-20,2026-10-20,2026-09-20 23:06:58,OTA_GoogleFlights,MAA-DEL,Air India,MAA-DEL_20261020_AI_1100,T+30,Economy,8036.8,2009.2,10046
2026-09-20,2026-10-20,2026-09-20 23:06:58,OTA_GoogleFlights,MAA-DEL,Air India,MAA-DEL_20261020_AI_1110,T+30,Economy,8036.8,2009.2,10046
2026-09-20,2026-10-20,2026-09-20 23:06:48,OTA_EaseMyTrip,MAA-DEL,Air India,MAA-DEL_20261020_AI_1345,T+30,Economy,11851.2,2962.8,14814
2026-09-20,2026-10-20,2026-09-20 23:06:48,OTA_EaseMyTrip,MAA-DEL,Air India,MAA-DEL_20261020_AI_1440,T+30,Economy,16624.0,4156.0,20780
2026-09-20,2026-10-20,2026-09-20 23:06:48,OTA_EaseMyTrip,MAA-DEL,Air India,MAA-DEL_20261020_AI_1620,T+30,Economy,9367.2,2341.8,11709
2026-09-20,2026-10-20,2026-09-20 23:06:48,OTA_EaseMyTrip,MAA-DEL,Air India,MAA-DEL_20261020_AI_1630,T+30,Economy,10882.4,2720.6,13603
2026-09-20,2026-10-20,2026-09-20 23:06:58,OTA_GoogleFlights,MAA-DEL,Air India,MAA-DEL_20261020_AI_1645,T+30,Economy,9020.0,2255.0,11275
2026-09-20,2026-10-20,2026-09-20 23:06:48,OTA_EaseMyTrip,MAA-DEL,Air India,MAA-DEL_20261020_AI_1940,T+30,Economy,18678.4,4669.6,23348
2026-09-20,2026-10-20,2026-09-20 23:06:48,OTA_EaseMyTrip,MAA-DEL,Air India,MAA-DEL_20261020_AI_2010,T+30,Economy,8370.4,2092.6,10463
2026-09-20,2026-10-20,2026-09-20 23:06:48,OTA_EaseMyTrip,MAA-DEL,Air India,MAA-DEL_20261020_AI_2125,T+30,Economy,10189.6,2547.4,12737
2026-09-20,2026-10-20,2026-09-20 23:06:58,OTA_GoogleFlights,MAA-DEL,Air India,MAA-DEL_20261020_AI_2140,T+30,Economy,8036.8,2009.2,10046
2026-09-20,2026-10-20,2026-09-20 23:06:48,OTA_EaseMyTrip,MAA-DEL,Air India,MAA-DEL_20261020_AI_2205,T+30,Economy,7320.0,1830.0,9150
2026-09-20,2026-10-20,2026-09-20 23:06:58,OTA_GoogleFlights,MAA-DEL,Air India,MAA-DEL_20261020_AI_2345,T+30,Economy,8036.8,2009.2,10046
2026-09-20,2026-10-20,2026-09-20 23:06:48,OTA_EaseMyTrip,MAA-DEL,Air India Express,MAA-DEL_20261020_IX_0630,T+30,Economy,10538.4,2634.6,13173
2026-09-20,2026-10-20,2026-09-20 23:06:48,OTA_EaseMyTrip,MAA-DEL,Air India Express,MAA-DEL_20261020_IX_0725,T+30,Economy,10538.4,2634.6,13173
2026-09-20,2026-10-20,2026-09-20 23:06:48,OTA_EaseMyTrip,MAA-DEL,Air India Express,MAA-DEL_20261020_IX_0855,T+30,Economy,10538.4,2634.6,13173
2026-09-20,2026-10-20,2026-09-20 23:06:48,OTA_EaseMyTrip,MAA-DEL,Air India Express,MAA-DEL_20261020_IX_0940,T+30,Economy,17183.2,4295.8,21479
2026-09-20,2026-10-20,2026-09-20 23:06:48,OTA_EaseMyTrip,MAA-DEL,Air India Express,MAA-DEL_20261020_IX_1045,T+30,Economy,10538.4,2634.6,13173
2026-09-20,2026-10-20,2026-09-20 23:06:48,OTA_EaseMyTrip,MAA-DEL,Air India Express,MAA-DEL_20261020_IX_1440,T+30,Economy,16624.0,4156.0,20780
2026-09-20,2026-10-20,2026-09-20 23:06:48,OTA_EaseMyTrip,MAA-DEL,Air India Express,MAA-DEL_20261020_IX_2125,T+30,Economy,10189.6,2547.4,12737
2026-09-20,2026-10-20,2026-09-20 23:06:48,OTA_EaseMyTrip,MAA-DEL,Air India Express,MAA-DEL_20261020_IX_2205,T+30,Economy,7320.0,1830.0,9150
